,strategy,period,CAGR,MDD,volatility,Sharpe,Sortino,Ulcer,UPI,Calmar,mean_weight,mean_cash,orders,turnover_pa,fee_sum,final_multiple,reversal_14d_count,reversal_14d_rate,recovery_max_days,recovery_mean_days,recovered_episodes,unrecovered_days,underwater_max_days,family,value,effective_start
0,original,전체기간,0.661800603,-0.5172293421,0.4878392258,1.284658819,1.964159248,0.2580464371,2.564657007,1.279510942,0.560483413,0.439516587,94,4.802734709,0.05191292713,242.2396119,20,0.2150537634,826,44.4875,80,283,826,base_ma,100,2015-08-02
1,improved,전체기간,0.6265271474,-0.7007648749,0.4899655189,1.237709744,1.876271429,0.2988388441,2.096538518,0.8940618598,0.5736507128,0.4263492872,117,4.428658431,0.04786952358,192.1015821,18,0.1551724138,1096,46.32467532,77,283,1096,base_ma,100,2015-08-02
2,confirm2,전체기간,0.5932169406,-0.681772795,0.5012290917,1.183812754,1.751268514,0.3018137548,1.965506645,0.8701094338,0.5738841546,0.4261158454,113,4.215762374,0.04556832266,153.6019127,13,0.1160714286,757,46.36363636,77,283,757,base_ma,100,2015-08-02
3,buffer1,전체기간,0.6222815778,-0.6417150905,0.5007995517,1.220576958,1.811039626,0.2932148447,2.122271737,0.9697162914,0.5749023444,0.4250976556,111,4.072334405,0.04401800474,186.7505223,15,0.1363636364,791,45.75641026,78,283,791,base_ma,100,2015-08-02
4,confirm2_buffer1,전체기간,0.6135803569,-0.6730261985,0.5033253201,1.206175343,1.791198436,0.3078462543,1.99313894,0.9116738075,0.5775053308,0.4224946692,109,4.026339814,0.0435208476,176.2040274,14,0.1296296296,830,46.36363636,77,283,830,base_ma,100,2015-08-02
5,weekly,전체기간,0.550534323,-0.7264498503,0.5083282552,1.121067552,1.646907553,0.327059738,1.683283691,0.757842159,0.5864809235,0.4135190765,102,4.030283546,0.04356347553,114.5301771,15,0.1485148515,1097,51.12857143,70,283,1097,base_ma,100,2015-08-02
6,weekly_price,전체기간,0.5953045573,-0.7686291112,0.5199709782,1.158020085,1.751813149,0.3573883603,1.665707738,0.7745017052,0.5886524823,0.4113475177,59,5.455623973,0.05897002997,155.7914489,20,0.3448275862,1056,54.1969697,66,283,1056,base_ma,100,2015-08-02
7,weekly_price_vol,전체기간,0.4471924061,-0.4195435027,0.3390976173,1.259229232,1.942261827,0.201001998,2.224815726,1.065902352,0.4198670521,0.5801329479,314,4.980161821,0.05383074297,54.34181126,125,0.3993610224,1049,40.7816092,87,283,1049,base_ma,100,2015-08-02
8,original,초기 관측 2015–2016,0.6635658116,-0.3133080623,0.5017634723,1.268305825,1.826551519,0.1744990737,3.802689592,2.117934045,0.6492767376,0.3507232624,20,7.329496522,0.01039474113,2.058165962,6,0.3157894737,189,50.5,10,3,189,base_ma,100,2015-08-02
9,improved,초기 관측 2015–2016,0.7345255563,-0.3133080623,0.5036326287,1.348558702,1.942316792,0.1648313846,4.456223906,2.344419582,0.7002953174,0.2997046826,23,5.913301903,0.008386284424,2.183773932,5,0.2272727273,189,41.91666667,12,3,189,base_ma,100,2015-08-02
10,confirm2,초기 관측 2015–2016,0.7426802393,-0.3133080623,0.5040991193,1.357070945,1.958771052,0.1627341487,4.563763939,2.370447265,0.6891414324,0.3108585676,21,5.570311548,0.007899853201,2.198348643,2,0.1,189,41.83333333,12,3,189,base_ma,100,2015-08-02
11,buffer1,초기 관측 2015–2016,0.7268638863,-0.3133080623,0.502960173,1.340883101,1.930802093,0.163491114,4.44589231,2.319965471,0.684603346,0.315396654,21,5.568422962,0.007897174797,2.170106457,2,0.1,189,41.83333333,12,3,189,base_ma,100,2015-08-02
12,confirm2_buffer1,초기 관측 2015–2016,0.7502369063,-0.3133080623,0.5026152039,1.368249623,1.971996703,0.1604189761,4.676734164,2.394566233,0.684810261,0.315189739,21,5.547319724,0.007867246043,2.211880018,2,0.1,189,41.83333333,12,3,189,base_ma,100,2015-08-02
13,weekly,초기 관측 2015–2016,0.6784966635,-0.3133080623,0.5067715213,1.278583,1.833145568,0.1692795324,4.008143536,2.165589543,0.6975777961,0.3024222039,20,5.557535956,0.007881734771,2.084412825,2,0.1052631579,189,41.91666667,12,3,189,base_ma,100,2015-08-02
14,weekly_price,초기 관측 2015–2016,0.7859899736,-0.3133080623,0.5225243517,1.374026633,2.001070701,0.1763938516,4.455880784,2.50868097,0.7162162162,0.2837837838,9,6.342520414,0.008995004995,2.276231928,1,0.125,189,41.83333333,12,3,189,base_ma,100,2015-08-02
15,weekly_price_vol,초기 관측 2015–2016,0.8778214806,-0.2454700255,0.4141599201,1.729736123,2.62956197,0.1303297949,6.735386035,3.576084204,0.575619542,0.424380458,37,6.12687438,0.008689174343,2.443984052,13,0.3611111111,165,31,16,3,165,base_ma,100,2015-08-02
16,original,2017–2018 사이클,1.275037065,-0.5157308632,0.6282700186,1.621605496,2.48036003,0.3250767279,3.922264979,2.47229157,0.5275145519,0.4724854481,11,3.93970792,0.007874022673,5.169972853,3,0.2727272727,66,11.84615385,26,380,380,base_ma,100,2015-08-02
17,improved,2017–2018 사이클,0.8230779796,-0.6976700224,0.632506492,1.264701858,1.888932633,0.4275306394,1.925190627,1.179752538,0.5478308191,0.4521691809,17,3.676152212,0.007347272047,3.320882181,3,0.1764705882,62,11,28,380,380,base_ma,100,2015-08-02
18,confirm2,2017–2018 사이클,0.8997780795,-0.671802374,0.6318532921,1.330683332,1.992523568,0.4145725536,2.170375418,1.33934936,0.5493838895,0.4506161105,17,3.68941836,0.007373786181,3.605987535,3,0.1764705882,62,11,28,380,380,base_ma,100,2015-08-02
19,buffer1,2017–2018 사이클,0.9961663742,-0.6336499741,0.6299278653,1.411422543,2.124772392,0.4033383833,2.469803062,1.572108285,0.5487672105,0.4512327895,17,3.709078577,0.007413079703,3.980911512,3,0.1764705882,62,11,28,380,380,base_ma,100,2015-08-02
20,confirm2_buffer1,2017–2018 사이클,0.9256612417,-0.6623688756,0.6333258177,1.350516954,2.021595503,0.4221617231,2.192669754,1.397501114,0.5510744604,0.4489255396,17,3.71307818,0.007421073432,3.704846424,3,0.1764705882,62,11,28,380,380,base_ma,100,2015-08-02
21,weekly,2017–2018 사이클,0.7409511438,-0.7264498503,0.6466950725,1.180717236,1.731336943,0.4541253238,1.631600585,1.019961864,0.555844736,0.444155264,15,3.701977889,0.007398888046,3.028611371,5,0.3333333333,62,11,28,380,380,base_ma,100,2015-08-02
22,weekly_price,2017–2018 사이클,0.8825141051,-0.7644965603,0.7160140575,1.241816904,1.835182286,0.4917612821,1.794598593,1.154372892,0.5684931507,0.4315068493,11,5.50126791,0.010995005,3.540791726,5,0.4545454545,62,11.84615385,26,380,380,base_ma,100,2015-08-02
23,weekly_price_vol,2017–2018 사이클,0.4861970864,-0.4120011399,0.3585895422,1.285184403,1.865239028,0.2376514958,2.045840632,1.180086751,0.2793449858,0.7206550142,64,3.814712921,0.007624203784,2.207584069,27,0.421875,124,13.65217391,23,380,380,base_ma,100,2015-08-02
24,original,2019 전환기,1.438432605,-0.2739159572,0.5849442471,1.812645824,2.97815476,0.1720882429,8.358691915,5.25136476,0.5108223512,0.4891776488,6,3.003716427,0.003001660495,2.436945372,2,0.3333333333,21,6.6,15,188,188,base_ma,100,2015-08-02
25,improved,2019 전환기,1.405548808,-0.265619705,0.5838000444,1.791730285,2.944833932,0.1535598742,9.153099499,5.291583347,0.4728168152,0.5271831848,8,4.025658306,0.004022902893,2.404103973,1,0.125,38,8,13,188,188,base_ma,100,2015-08-02
26,confirm2,2019 전환기,1.356987218,-0.265619705,0.5835014523,1.757300033,2.887473052,0.1540507604,8.808701852,5.108759602,0.4726793956,0.5273206044,8,4.033857038,0.004031096013,2.355604432,1,0.125,39,8.583333333,12,188,188,base_ma,100,2015-08-02
27,buffer1,2019 전환기,1.390729829,-0.265619705,0.5728180631,1.805916689,2.907536521,0.1578415109,8.810925729,5.235793139,0.510796196,0.489203804,6,1.9760872,0.001974734642,2.389304001,0,0,25,7.142857143,14,188,188,base_ma,100,2015-08-02
28,confirm2_buffer1,2019 전환기,1.371206078,-0.265619705,0.5724672454,1.792311441,2.884874074,0.1519777692,9.022412195,5.162290492,0.5104819736,0.4895180264,6,1.980861387,0.001979505561,2.369805194,0,0,26,7.615384615,13,188,188,base_ma,100,2015-08-02
29,weekly,2019 전환기,1.595132499,-0.265619705,0.585617004,1.917739246,3.177824731,0.1488030382,10.71975759,6.005324411,0.5185621236,0.4814378764,5,1.971614986,0.001970265489,2.593439132,0,0,19,5.875,16,188,188,base_ma,100,2015-08-02
30,weekly_price,2019 전환기,1.686587788,-0.265619705,0.5875976362,1.972353314,3.271195408,0.1413247531,11.93412868,6.34963354,0.5369863014,0.4630136986,4,4.000740356,0.003998001998,2.6847711,2,0.5,19,5.875,16,188,188,base_ma,100,2015-08-02
31,weekly_price_vol,2019 전환기,1.169940215,-0.1252852716,0.3496181913,2.385439146,4.863414039,0.06591073707,17.75037372,9.338210314,0.3128206505,0.6871793495,30,3.65035189,0.00364785336,2.168789903,13,0.4333333333,19,5.529411765,17,188,188,base_ma,100,2015-08-02
32,original,2020–2022 사이클,0.4773794628,-0.4496726831,0.4772434847,1.056417288,1.57827252,0.2318074826,2.059379005,1.061615439,0.5265197333,0.4734802667,21,3.929978875,0.01179262655,3.225463886,2,0.09523809524,185,22.53571429,28,418,418,base_ma,100,2015-08-02
33,improved,2020–2022 사이클,0.3472147665,-0.4664590054,0.4838895306,0.8584867278,1.264843138,0.2786213806,1.246188522,0.7443628754,0.5391062371,0.4608937629,30,4.085929467,0.01226058507,2.445676992,2,0.06666666667,280,26.66666667,24,418,418,base_ma,100,2015-08-02
34,confirm2,2020–2022 사이클,0.2552010869,-0.521615869,0.5215490555,0.7112558393,0.9771592695,0.3213252971,0.7942141162,0.4892510025,0.5406454736,0.4593545264,30,4.132432873,0.01240012711,1.977914369,2,0.06666666667,307,33.78947368,19,418,418,base_ma,100,2015-08-02
35,buffer1,2020–2022 사이클,0.4343916266,-0.5216673077,0.5265867268,0.9627322098,1.343595487,0.3031592904,1.43288245,0.8326985804,0.5544022155,0.4455977845,27,3.62675682,0.01088275284,2.951959924,3,0.1111111111,279,28.90909091,22,418,418,base_ma,100,2015-08-02
36,confirm2_buffer1,2020–2022 사이클,0.414367669,-0.5167568261,0.5310219977,0.9321671541,1.309692488,0.3121717071,1.327370993,0.8018620133,0.5550416729,0.4449583271,27,3.61487602,0.01084710231,2.830023325,3,0.1111111111,272,26.375,24,418,418,base_ma,100,2015-08-02
37,weekly,2020–2022 사이클,0.2985922447,-0.5141954946,0.5322421104,0.7711114632,1.067481254,0.3192116205,0.9354053098,0.5806979017,0.5617599027,0.4382400973,28,4.129152384,0.0123902834,2.190262072,3,0.1071428571,284,30.47619048,21,418,418,base_ma,100,2015-08-02
38,weekly_price,2020–2022 사이클,0.4861942901,-0.5364502424,0.4953593637,1.047015063,1.583482401,0.2840026605,1.711935688,0.9063175886,0.5173357664,0.4826642336,14,4.663271719,0.01399300699,3.283556886,4,0.2857142857,169,14,30,627,627,base_ma,100,2015-08-02
39,weekly_price_vol,2020–2022 사이클,0.3190268414,-0.3899098705,0.3166703307,1.03291379,1.539938247,0.1893398904,1.684942569,0.8182066306,0.3364704827,0.6635295173,88,3.941909098,0.01182842538,2.295319831,27,0.3068181818,169,14.48275862,29,627,627,base_ma,100,2015-08-02
40,original,2023 이후,0.3681928449,-0.2760202112,0.3442510384,1.081488574,1.723949992,0.1437581023,2.561197171,1.333934364,0.587459044,0.412540956,36,5.556833988,0.01884987628,2.896266562,7,0.1944444444,243,22.775,40,283,283,base_ma,100,2015-08-02
41,improved,2023 이후,0.5585190177,-0.2308093846,0.3409154949,1.471028831,2.404261718,0.09371462663,5.959784911,2.419828027,0.5961783442,0.4038216558,39,4.673218731,0.01585247914,4.50523503,7,0.1794871795,232,20.72727273,44,283,283,base_ma,100,2015-08-02
42,confirm2,2023 이후,0.5221854816,-0.2303374238,0.3444504082,1.390931663,2.252138184,0.100645141,5.188382433,2.267045767,0.5993492516,0.4006507484,37,4.08686749,0.01386346015,4.158780363,5,0.1351351351,238,22.31707317,41,283,283,base_ma,100,2015-08-02
43,buffer1,2023 이후,0.3912101142,-0.2331566105,0.3436919933,1.131142233,1.820480834,0.1155119231,3.386750942,1.677885578,0.5814563512,0.4185436488,40,4.672565353,0.01585026276,3.0649006,7,0.175,243,24.05263158,38,283,283,base_ma,100,2015-08-02
44,confirm2_buffer1,2023 이후,0.4098093106,-0.2335459097,0.3461776318,1.163840575,1.876283918,0.1098806583,3.729585506,1.754726987,0.5878316228,0.4121683772,38,4.541575764,0.01540592025,3.206131959,6,0.1578947368,241,24,38,283,283,base_ma,100,2015-08-02
45,weekly,2023 이후,0.4082207981,-0.2704733327,0.3441807246,1.165634698,1.847838928,0.1210180081,3.373223576,1.509282982,0.5999602113,0.4000397887,34,4.104214264,0.01392230383,3.193894047,5,0.1470588235,263,23.61538462,39,283,283,base_ma,100,2015-08-02
46,weekly_price,2023 이후,0.2604262041,-0.4271877967,0.3561654554,0.8266472128,1.285493784,0.1746085387,1.491486075,0.6096293156,0.6255044391,0.3744955609,21,6.18743847,0.02098901099,2.192678283,8,0.380952381,278,30.63333333,30,283,283,base_ma,100,2015-08-02
47,weekly_price_vol,2023 이후,0.2309036532,-0.3638425677,0.3070494171,0.8290239403,1.298325124,0.1536462077,1.502826895,0.6346251751,0.5428500185,0.4571499815,95,6.497584098,0.0220410861,2.023288435,45,0.4736842105,268,26.14285714,35,283,283,base_ma,100,2015-08-02
48,original,사후적 holdout 2019 이후,0.5261926223,-0.480479207,0.4393674746,1.180873374,1.834832859,0.2307545572,2.280313025,1.095141298,0.5523620524,0.4476379476,63,4.551307649,0.03364416332,22.76546407,11,0.1746031746,826,43.30188679,53,283,826,base_ma,100,2015-08-02
49,improved,사후적 holdout 2019 이후,0.5577928984,-0.4664590054,0.440890945,1.225163149,1.900200803,0.2237771455,2.492626748,1.195802615,0.5563346451,0.4436653549,77,4.347282217,0.0321359671,26.48925818,10,0.1298701299,791,45.98,50,283,791,base_ma,100,2015-08-02
50,confirm2,사후적 holdout 2019 이후,0.4932750679,-0.5644731481,0.4591491988,1.108690146,1.64027187,0.2453754163,2.010287238,0.873868083,0.5583959782,0.4416040218,75,4.098197432,0.03029468328,19.37652232,8,0.1066666667,757,48.9787234,47,283,757,base_ma,100,2015-08-02
51,buffer1,사후적 holdout 2019 이후,0.5155439759,-0.5693597916,0.4594055917,1.140675362,1.692804137,0.242004941,2.130303512,0.9054801261,0.5609221699,0.4390778301,73,3.883520658,0.02870775024,21.61714132,10,0.1369863014,791,45.98,50,283,791,base_ma,100,2015-08-02
52,confirm2_buffer1,사후적 holdout 2019 이후,0.5144518913,-0.5554412553,0.4622573234,1.134700252,1.690736363,0.2546995982,2.01983786,0.926203962,0.5640648054,0.4359351946,71,3.819233665,0.02823252812,21.50225734,9,0.1267605634,830,47.875,48,283,830,base_ma,100,2015-08-02
53,weekly,사후적 holdout 2019 이후,0.4800389479,-0.5512025053,0.4644155802,1.082051653,1.60101357,0.2564582438,1.871801587,0.8708939878,0.5734499001,0.4265500999,67,3.826041465,0.02828285272,18.14231266,8,0.1194029851,840,51.11111111,45,283,840,base_ma,100,2015-08-02
54,weekly_price,사후적 holdout 2019 이후,0.492787167,-0.5364502424,0.4522366498,1.110731243,1.727107142,0.26976717,1.826712891,0.9186074086,0.5696296296,0.4303703704,39,5.273130481,0.03898001998,19.32977167,14,0.358974359,1056,44.13461538,52,283,1056,base_ma,100,2015-08-02
55,weekly_price_vol,사후적 holdout 2019 이후,0.3667832261,-0.3899098705,0.3170367783,1.142863774,1.813258939,0.1861793107,1.970053626,0.9406872046,0.4279786516,0.5720213484,213,5.075265744,0.03751736484,10.07206433,85,0.3990610329,1049,39.34482759,58,283,1049,base_ma,100,2015-08-02
56,original,전체기간,0.4975784247,-0.8221245546,0.5678120007,0.9985098247,1.467342419,0.4275490569,1.163792591,0.6052348417,0.6999582273,0.3000417727,69,3.525671604,0.03810910744,78.66689969,14,0.2058823529,1333,62.05555556,54,522,1333,base_ma,120,2015-08-02
57,improved,전체기간,0.6303870448,-0.6295798235,0.5304448945,1.189703595,1.782018465,0.3563001017,1.769258672,1.001282159,0.6038526398,0.3961473602,98,3.526387958,0.03811685053,197.0868993,15,0.1546391753,1063,52.95238095,63,522,1063,base_ma,120,2015-08-02
58,confirm2,전체기간,0.6334374705,-0.6408449585,0.5330073349,1.190004661,1.783499205,0.3620746449,1.749466524,0.9884410606,0.6038222879,0.3961777121,96,3.431033207,0.0370861577,201.1094656,15,0.1578947368,1307,57.64516129,62,283,1307,base_ma,120,2015-08-02
59,buffer1,전체기간,0.6274838394,-0.6444489126,0.5315897002,1.184951427,1.773449706,0.3646175147,1.720937185,0.973675069,0.6108009105,0.3891990895,94,3.107067222,0.03358439807,193.3264293,9,0.09677419355,1065,54.98461538,65,283,1065,base_ma,120,2015-08-02
60,confirm2_buffer1,전체기간,0.6657271747,-0.6420983149,0.5307906667,1.229750482,1.845753825,0.3455217061,1.926730399,1.036799442,0.608496667,0.391503333,90,3.018352511,0.03262547765,248.4986169,7,0.07865168539,1056,52,64,522,1056,base_ma,120,2015-08-02
61,weekly,전체기간,0.610694447,-0.6577031317,0.539387529,1.156498469,1.725128305,0.3675442818,1.661553389,0.9285259831,0.6083379199,0.3916620801,85,3.363773732,0.03635914769,172.8273568,10,0.119047619,1308,54.72131148,61,522,1308,base_ma,120,2015-08-02
62,weekly_price,전체기간,0.6080692432,-0.767290079,0.531535537,1.158461246,1.770218054,0.358355875,1.69683068,0.7924893854,0.615248227,0.384751773,51,4.715872084,0.05097402597,169.8068459,18,0.36,1055,51.79710145,69,283,1055,base_ma,120,2015-08-02
63,weekly_price_vol,전체기간,0.437148845,-0.4151333624,0.3469013316,1.218405538,1.879967354,0.2010903748,2.173892438,1.053032313,0.4405455769,0.5594544231,324,4.777834941,0.05164378466,50.4013206,121,0.3746130031,1037,41.26744186,86,283,1037,base_ma,120,2015-08-02
64,original,초기 관측 2015–2016,0.7492186567,-0.3133080623,0.5074728329,1.358753344,1.963898711,0.1614969803,4.639211551,2.391316238,0.751763045,0.248236955,15,5.9280216,0.008407159997,2.210055259,2,0.1428571429,189,41.83333333,12,3,189,base_ma,120,2015-08-02
65,improved,초기 관측 2015–2016,0.7374508716,-0.3133080623,0.5076720657,1.345117712,1.94210912,0.1617852884,4.558207231,2.353756447,0.7217230743,0.2782769257,20,6.239840762,0.008849384024,2.188999004,5,0.2631578947,190,41.91666667,12,3,190,base_ma,120,2015-08-02
66,confirm2,초기 관측 2015–2016,0.7373895694,-0.3133080623,0.5072889023,1.345684244,1.942465266,0.1616714268,4.561038298,2.353560787,0.7224706525,0.2775293475,19,5.875500953,0.008332674862,2.188889471,5,0.2777777778,190,41.91666667,12,3,190,base_ma,120,2015-08-02
67,buffer1,초기 관측 2015–2016,0.8370423194,-0.3133080623,0.5078127899,1.454387341,2.122819886,0.1549556621,5.401818223,2.671627131,0.7708227048,0.2291772952,18,5.214938735,0.007395861095,2.369057305,3,0.1764705882,190,41.75,12,3,190,base_ma,120,2015-08-02
68,confirm2_buffer1,초기 관측 2015–2016,0.8520205422,-0.3133080623,0.5058462725,1.473990532,2.160466445,0.1555420729,5.477749696,2.719433825,0.7707985219,0.2292014781,18,5.224808592,0.007409858592,2.396497985,3,0.1764705882,190,41.66666667,12,3,190,base_ma,120,2015-08-02
69,weekly,초기 관측 2015–2016,0.7023995209,-0.3133080623,0.509594152,1.301973847,1.874141656,0.1639906641,4.283167731,2.241881412,0.7176700842,0.2823299158,17,5.923471971,0.008400707682,2.126634978,2,0.125,189,41.91666667,12,3,189,base_ma,120,2015-08-02
70,weekly_price,초기 관측 2015–2016,0.8432952133,-0.3133080623,0.5290011381,1.423386781,2.077934703,0.1740919043,4.843965703,2.691584785,0.8108108108,0.1891891892,9,6.342520414,0.008995004995,2.380501514,4,0.5,190,38.53846154,13,3,190,base_ma,120,2015-08-02
71,weekly_price_vol,초기 관측 2015–2016,0.903111639,-0.2454700255,0.4165903709,1.754255807,2.662908906,0.130236031,6.934422311,3.679111685,0.6384883161,0.3615116839,45,6.681500674,0.009475749073,2.490795633,16,0.3636363636,184,35.42857143,14,3,184,base_ma,120,2015-08-02
72,original,2017–2018 사이클,1.043996811,-0.8221245546,0.7869943147,1.299205817,1.967148309,0.4429287036,2.357031285,1.269876694,0.7734574229,0.2265425771,8,2.704099156,0.005404496601,4.173836221,4,0.5,55,10.71428571,28,380,380,base_ma,120,2015-08-02
73,improved,2017–2018 사이클,1.825971903,-0.6295798235,0.7302781476,1.784906999,2.795426593,0.4094231648,4.459864659,2.900302448,0.628976237,0.371023763,13,2.55525831,0.005107018663,7.974768121,3,0.2307692308,55,10.71428571,28,380,380,base_ma,120,2015-08-02
74,confirm2,2017–2018 사이클,1.8739963,-0.612138489,0.7302082199,1.808140968,2.834983003,0.4006233639,4.677700975,3.061392697,0.6305698502,0.3694301498,12,2.257285007,0.004511479958,8.247926383,3,0.25,55,10.71428571,28,380,380,base_ma,120,2015-08-02
75,buffer1,2017–2018 사이클,1.833192291,-0.6139043347,0.7288531562,1.790482936,2.805062584,0.4056239897,4.519437553,2.986120455,0.6236368567,0.3763631433,9,1.474143528,0.002946269064,8.015543415,1,0.1111111111,55,10.71428571,28,380,380,base_ma,120,2015-08-02
76,confirm2_buffer1,2017–2018 사이클,1.96757151,-0.5933495387,0.7267002518,1.857592115,2.91720129,0.3849860824,5.110760102,3.316041189,0.5984300556,0.4015699444,7,1.239906717,0.002478116094,8.793377219,0,0,55,10.71428571,28,380,380,base_ma,120,2015-08-02
77,weekly,2017–2018 사이클,1.716221614,-0.6577031317,0.7468323644,1.70981251,2.629756077,0.4325769036,3.967437003,2.609416819,0.655690518,0.344309482,8,2.086943308,0.004171029747,7.367774673,2,0.25,55,10.71428571,28,380,380,base_ma,120,2015-08-02
78,weekly_price,2017–2018 사이클,1.088938448,-0.767290079,0.7389214596,1.364060323,2.074118996,0.4919487814,2.213519962,1.41920048,0.5684931507,0.4315068493,9,4.501082821,0.008996003996,4.359265621,4,0.4444444444,59,10.89285714,28,380,380,base_ma,120,2015-08-02
79,weekly_price_vol,2017–2018 사이클,0.5603271023,-0.4151333624,0.3678977255,1.393754881,2.068957759,0.2384262595,2.3501065,1.349752039,0.2795585891,0.7204414109,63,3.494370029,0.006983956526,2.433138364,27,0.4285714286,124,12.36,25,380,380,base_ma,120,2015-08-02
80,original,2019 전환기,1.62786235,-0.265619705,0.6271302502,1.851298229,2.993018429,0.1662618151,9.790957409,6.128545132,0.7287671233,0.2712328767,1,1.000684932,0.001,2.626125099,0,0,48,10.92857143,14,188,188,base_ma,120,2015-08-02
81,improved,2019 전환기,1.310220354,-0.3038142729,0.591196191,1.708042842,2.79759039,0.1828302663,7.166320874,4.312570115,0.5335566748,0.4664433252,6,1.953767127,0.001952429846,2.308896677,0,0,19,5.4,15,188,188,base_ma,120,2015-08-02
82,confirm2,2019 전환기,1.14677822,-0.3516879336,0.5996586033,1.570405233,2.517208237,0.205290201,5.586132286,3.260783526,0.5338122715,0.4661877285,6,1.980016647,0.001978661399,2.145655947,0,0,19,5.714285714,14,188,188,base_ma,120,2015-08-02
83,buffer1,2019 전환기,1.10513994,-0.3560532267,0.5995770858,1.537790436,2.463914215,0.2078280672,5.317568291,3.103861606,0.5297120427,0.4702879573,6,1.965731206,0.001964385736,2.104067641,0,0,19,5.642857143,14,188,188,base_ma,120,2015-08-02
84,confirm2_buffer1,2019 전환기,1.019163264,-0.3613605439,0.5875865042,1.487675306,2.333650143,0.2074070157,4.913832159,2.820350149,0.5294693591,0.4705306409,6,1.949430641,0.001948096329,2.01819236,0,0,19,5.571428571,14,188,188,base_ma,120,2015-08-02
85,weekly,2019 전환기,1.268356084,-0.3108229514,0.5914168049,1.676626536,2.743602906,0.1842734676,6.883009803,4.08063844,0.5316142196,0.4683857804,6,1.945181192,0.001943849788,2.26708477,0,0,19,5.4,15,188,188,base_ma,120,2015-08-02
86,weekly_price,2019 전환기,1.513126091,-0.265619705,0.5887004344,1.856084117,3.06391135,0.160039486,9.454704765,5.696588252,0.5369863014,0.4630136986,2,2.000370178,0.001999000999,2.511541434,0,0,19,5.4,15,188,188,base_ma,120,2015-08-02
87,weekly_price_vol,2019 전환기,1.069509899,-0.1260814154,0.3494298321,2.25065658,4.547241765,0.07985662508,13.39287627,8.482692672,0.3066477025,0.6933522975,29,3.103221974,0.003101097935,2.068479916,11,0.3793103448,19,5.0625,16,188,188,base_ma,120,2015-08-02
88,original,2020–2022 사이클,-6.59789026e-05,-0.7425408428,0.5956253352,0.3122735181,0.4208297307,0.4140369963,-0.0001593550895,-8.885558718e-05,0.7185287051,0.2814712949,16,2.803030187,0.008411009129,0.9998020312,1,0.0625,292,25.23529412,17,627,627,base_ma,120,2015-08-02
89,improved,2020–2022 사이클,0.210393445,-0.5925364521,0.5307505933,0.6396514856,0.8753161142,0.388337963,0.5417792361,0.3550725769,0.5393289152,0.4606710848,24,2.965164141,0.008897521966,1.773521466,2,0.08333333333,279,22.36842105,19,627,627,base_ma,120,2015-08-02
90,confirm2,2020–2022 사이클,0.2155247545,-0.5917602163,0.5361970552,0.64606077,0.8901126236,0.3918368657,0.5500369501,0.3642096048,0.5397341445,0.4602658555,24,2.952873422,0.008860641396,1.796178283,2,0.08333333333,276,21.15,20,627,627,base_ma,120,2015-08-02
91,buffer1,2020–2022 사이클,0.1997831592,-0.5917524179,0.532844229,0.6227311887,0.8509410535,0.3942779787,0.5067063595,0.3376127468,0.5415225535,0.4584774465,24,2.968988146,0.0089089966,1.727278741,2,0.08333333333,277,21.25,20,627,627,base_ma,120,2015-08-02
92,confirm2_buffer1,2020–2022 사이클,0.2680404617,-0.5690008284,0.5348961705,0.7253311716,1.004013954,0.3744994163,0.7157299852,0.4710721818,0.5413742325,0.4586257675,24,2.954761756,0.008866307692,2.039247439,2,0.08333333333,272,20.0952381,21,627,627,base_ma,120,2015-08-02
93,weekly,2020–2022 사이클,0.2119132261,-0.5899335969,0.5404263477,0.6397885722,0.880631993,0.3922510325,0.5402489948,0.3592153883,0.5397201409,0.4602798591,23,2.962709189,0.008890155431,1.780211936,2,0.08695652174,277,21.05,20,627,627,base_ma,120,2015-08-02
94,weekly_price,2020–2022 사이클,0.5160501846,-0.5225042168,0.4976611269,1.084390787,1.645992862,0.2636792223,1.957113572,0.987647885,0.5237226277,0.4762773723,10,3.330908371,0.009995004995,3.485494683,2,0.2,169,14,30,627,627,base_ma,120,2015-08-02
95,weekly_price_vol,2020–2022 사이클,0.3382941765,-0.3769433603,0.3183866392,1.074602296,1.608179828,0.1738962183,1.94537972,0.8974668667,0.3416071132,0.6583928868,87,3.038494731,0.00911756393,2.397404876,23,0.2643678161,169,14.48275862,29,627,627,base_ma,120,2015-08-02
96,original,2023 이후,0.415219499,-0.2668295317,0.3537918818,1.157031092,1.870647344,0.1469584705,2.825420663,1.556122729,0.6100810691,0.3899189309,29,4.388436509,0.01488644171,3.248060225,7,0.2413793103,243,18.51351351,37,522,522,base_ma,120,2015-08-02
97,improved,2023 이후,0.3484754314,-0.2378876258,0.3496033161,1.028590618,1.635048514,0.1304895103,2.670524478,1.46487414,0.6175563672,0.3824436328,35,3.923856881,0.01331049603,2.757104207,5,0.1428571429,243,19.97058824,34,522,522,base_ma,120,2015-08-02
98,confirm2,2023 이후,0.3673719669,-0.2348813361,0.3508012639,1.065935487,1.700099793,0.1224287967,3.000698992,1.56407475,0.6157744169,0.3842255831,35,3.9510381,0.01340270008,2.890376238,5,0.1428571429,242,26.17142857,35,283,283,base_ma,120,2015-08-02
99,buffer1,2023 이후,0.3548128143,-0.2639012103,0.34984232,1.041499999,1.661182758,0.1246061201,2.84747502,1.344491046,0.6215071138,0.3784928862,37,3.64627559,0.01236888557,2.801306105,3,0.08108108108,243,24.75675676,37,283,283,base_ma,120,2015-08-02
100,confirm2_buffer1,2023 이후,0.3638535367,-0.2527740608,0.3530090883,1.05417051,1.678944998,0.1221824656,2.977952154,1.439441751,0.6292290489,0.3707709511,35,3.514860282,0.01192309895,2.865224926,2,0.05714285714,242,20.48484848,33,522,522,base_ma,120,2015-08-02
101,weekly,2023 이후,0.3449930331,-0.2573260655,0.3582514066,1.004870569,1.602372092,0.1256179377,2.746367593,1.340684366,0.618029428,0.381970572,31,3.818588533,0.01295340505,2.733025802,4,0.1290322581,242,20.51515152,33,522,522,base_ma,120,2015-08-02
102,weekly_price,2023 이후,0.2025034555,-0.4109948773,0.3749657588,0.677830688,1.0467435,0.1866927827,1.084688184,0.4927152788,0.6650524617,0.3349475383,21,6.18743847,0.02098901099,1.869255335,8,0.380952381,277,32.89285714,28,283,283,base_ma,120,2015-08-02
103,weekly_price_vol,2023 이후,0.1646471305,-0.3642602065,0.3248986098,0.63042752,0.9705539768,0.1728793768,0.9523815593,0.452004165,0.5796056598,0.4203943402,100,6.770071533,0.02296541719,1.677043474,44,0.44,268,27.84848485,33,283,283,base_ma,120,2015-08-02
104,original,사후적 holdout 2019 이후,0.3363609996,-0.7425408428,0.5046296638,0.8328829725,1.205230166,0.3831405699,0.8779049417,0.4529865298,0.6701473724,0.3298526276,46,3.286905155,0.02429745084,8.528123843,8,0.1739130435,1333,73.55172414,29,522,1333,base_ma,120,2015-08-02
105,improved,사후적 holdout 2019 이후,0.3880532344,-0.620347765,0.4665022585,0.9417623545,1.383273101,0.3456234258,1.122763116,0.6255414403,0.5744463024,0.4255536976,65,3.268371695,0.02416044784,11.29000486,7,0.1076923077,1063,57.16666667,36,522,1063,base_ma,120,2015-08-02
106,confirm2,사후적 holdout 2019 이후,0.3855347498,-0.6408449585,0.470844742,0.9334649045,1.372136895,0.3582982146,1.076016385,0.6016037806,0.5738276311,0.4261723689,65,3.279404279,0.02424200288,11.13945398,7,0.1076923077,1307,67.5,34,283,1307,base_ma,120,2015-08-02
107,buffer1,사후적 holdout 2019 이후,0.3687703945,-0.6444489126,0.4689526023,0.9095565384,1.330787144,0.3598558135,1.024772647,0.5722259551,0.5766299734,0.4233700266,67,3.144162353,0.02324226791,10.18081845,5,0.07462686567,1065,62.05405405,37,283,1065,base_ma,120,2015-08-02
108,confirm2_buffer1,사후적 holdout 2019 이후,0.3962477193,-0.6420983149,0.4689129125,0.952047789,1.396952648,0.3406914208,1.163069262,0.6171137818,0.5800804691,0.4199195309,65,3.075878873,0.02273750297,11.79210137,4,0.06153846154,1056,56.97222222,36,522,1056,base_ma,120,2015-08-02
109,weekly,사후적 holdout 2019 이후,0.3836885221,-0.618907494,0.4739866759,0.9274486373,1.367114224,0.3514836134,1.091625633,0.6199448638,0.5745596022,0.4254403978,60,3.217908,0.02378741026,11.03019524,6,0.1,1308,60.5,34,522,1308,base_ma,120,2015-08-02
110,weekly_price,사후적 holdout 2019 이후,0.4595201532,-0.5225042168,0.4603454204,1.050098779,1.630651334,0.2644806681,1.737443256,0.8794573104,0.5903703704,0.4096296296,33,4.461869242,0.03298301698,16.36339449,10,0.303030303,1051,48.61702128,47,283,1051,base_ma,120,2015-08-02
111,weekly_price_vol,사후적 holdout 2019 이후,0.3318246076,-0.3769433603,0.3257438779,1.041281109,1.638497571,0.1855529999,1.788300959,0.8803036281,0.4460960074,0.5539039926,216,4.759624028,0.03518407906,8.316431484,78,0.3611111111,1037,40.625,56,283,1037,base_ma,120,2015-08-02
112,original,전체기간,0.6853903864,-0.7309777894,0.5142680848,1.271497746,1.946179204,0.3654851461,1.875289307,0.9376350367,0.5873869646,0.4126130354,60,2.874952619,0.03107546322,282.1069278,15,0.2542372881,1097,47.55263158,76,229,1097,base_ma,150,2015-08-02
113,improved,전체기간,0.60070318,-0.7534455164,0.5268426261,1.156069343,1.745646821,0.3971416145,1.512566697,0.7972748751,0.6499541547,0.3500458453,73,2.486202154,0.02687344587,161.585599,10,0.1388888889,1106,55,66,229,1106,base_ma,150,2015-08-02
114,confirm2,전체기간,0.5709113479,-0.7314031875,0.5381384785,1.111672361,1.650436503,0.3944001099,1.447543582,0.7805699478,0.6489877741,0.3510122259,71,2.424940716,0.02621126885,131.8895309,7,0.1,1113,53.44117647,68,229,1113,base_ma,150,2015-08-02
115,buffer1,전체기간,0.6255337304,-0.7306390746,0.5318520391,1.183007873,1.75553062,0.3683699978,1.698112588,0.8561460127,0.6255850149,0.3744149851,70,2.257034537,0.0243963651,190.8371731,5,0.07246376812,1113,51.75714286,70,229,1113,base_ma,150,2015-08-02
116,confirm2_buffer1,전체기간,0.6637655658,-0.7025544679,0.5350687018,1.222304682,1.827348602,0.3450474267,1.923693714,0.9447887617,0.626150039,0.373849961,70,2.256067178,0.02438590888,245.3536758,5,0.07246376812,1106,46.97402597,77,229,1106,base_ma,150,2015-08-02
117,weekly,전체기간,0.6083844833,-0.7502150918,0.5381366123,1.155568337,1.715768845,0.3748414337,1.623044916,0.8109467405,0.6213655778,0.3786344222,63,2.288021192,0.02473130093,170.1670068,4,0.06451612903,1113,49.01470588,68,522,1113,base_ma,150,2015-08-02
118,weekly_price,전체기간,0.6439285232,-0.7847041586,0.5317027838,1.199729958,1.835290086,0.3754264454,1.715192233,0.8206003703,0.6258865248,0.3741134752,39,3.60624425,0.03898001998,215.5192837,14,0.3684210526,1097,42.95774648,71,801,1097,base_ma,150,2015-08-02
119,weekly_price_vol,전체기간,0.4819793633,-0.3876053716,0.3458780676,1.309771188,2.03618888,0.1889483827,2.550852017,1.243479576,0.45027976,0.54972024,317,3.859126055,0.04171342824,70.24878687,116,0.3670886076,518,35.5,94,487,518,base_ma,150,2015-08-02
120,original,초기 관측 2015–2016,1.082493246,-0.3133080623,0.5194767157,1.675479269,2.447191405,0.1359362971,7.963239171,3.455044336,0.8783567826,0.1216432174,5,2.070668201,0.002936635532,2.830201786,0,0,169,29.11764706,17,3,169,base_ma,150,2015-08-02
121,improved,초기 관측 2015–2016,0.8731072078,-0.3133080623,0.5117754597,1.485400806,2.162378062,0.1486431456,5.87384776,2.786737122,0.8332705856,0.1667294144,9,3.481025877,0.004936814248,2.435287039,0,0,190,38.53846154,13,3,190,base_ma,150,2015-08-02
122,confirm2,초기 관측 2015–2016,0.8133717323,-0.3133080623,0.5112194051,1.422954328,2.068645363,0.1506970021,5.39739823,2.596076611,0.8328342391,0.1671657609,9,3.483210727,0.004939912818,2.325882507,0,0,190,38.53846154,13,3,190,base_ma,150,2015-08-02
123,buffer1,초기 관측 2015–2016,1.016824371,-0.3133080623,0.5163265336,1.62034254,2.361878941,0.137557185,7.392012066,3.245445917,0.8832369033,0.1167630967,10,3.472236032,0.004924348431,2.704470918,1,0.1111111111,183,35.42857143,14,3,183,base_ma,150,2015-08-02
124,confirm2_buffer1,초기 관측 2015–2016,1.002144245,-0.3133080623,0.5161702464,1.606495887,2.341094687,0.1391657931,7.201081694,3.198590671,0.883571917,0.116428083,10,3.464400959,0.004913236678,2.676595518,1,0.1111111111,184,35.5,14,3,184,base_ma,150,2015-08-02
125,weekly,초기 관측 2015–2016,0.7795260809,-0.3133080623,0.5133237907,1.382616973,1.998859317,0.1554792621,5.013698099,2.488049861,0.832420562,0.167579438,9,3.495145897,0.004956839356,2.264557324,0,0,190,38.61538462,13,3,190,base_ma,150,2015-08-02
126,weekly_price,초기 관측 2015–2016,1.040645495,-0.3133080623,0.532331402,1.609228874,2.359675424,0.1521884474,6.837874443,3.321476911,0.8918918919,0.1081081081,3,2.113938668,0.002998001998,2.749884405,0,0,169,29.11764706,17,3,169,base_ma,150,2015-08-02
127,weekly_price_vol,초기 관측 2015–2016,1.060205874,-0.2454700255,0.4195795938,1.934120418,2.949666988,0.1198862633,8.843430806,4.319084873,0.7064786302,0.2935213698,46,3.836234621,0.005440573673,2.787341291,13,0.2888888889,135,23.38095238,21,3,135,base_ma,150,2015-08-02
128,original,2017–2018 사이클,1.337093481,-0.7308432783,0.7374331128,1.51777022,2.323831705,0.4959169376,2.696204504,1.829521487,0.5671748864,0.4328251136,8,2.196970619,0.004390933748,5.455662273,5,0.625,55,10.71428571,28,380,380,base_ma,150,2015-08-02
129,improved,2017–2018 사이클,1.285684799,-0.7534455164,0.7514907803,1.473613478,2.250182616,0.4641385423,2.770045326,1.706407128,0.6616486137,0.3383513863,7,1.222122277,0.00244257156,5.218446238,2,0.2857142857,55,10.71428571,28,380,380,base_ma,150,2015-08-02
130,confirm2,2017–2018 사이클,1.385665982,-0.7314031875,0.7554548482,1.526250168,2.346704891,0.4460426465,3.106577349,1.894530959,0.6617851967,0.3382148033,7,1.217626846,0.002433586851,5.684632012,2,0.2857142857,55,10.71428571,28,380,380,base_ma,150,2015-08-02
131,buffer1,2017–2018 사이클,1.434168791,-0.71431078,0.7454716629,1.564034439,2.40156645,0.4566582,3.140573827,2.00776585,0.6257788753,0.3742211247,9,1.330850887,0.002659879938,5.917966392,3,0.3333333333,55,10.71428571,28,380,380,base_ma,150,2015-08-02
132,confirm2_buffer1,2017–2018 사이클,1.53009336,-0.691755611,0.7502045534,1.610120872,2.490200597,0.4362561203,3.507328124,2.211898733,0.6283257292,0.3716742708,9,1.346651668,0.002691459871,6.393243266,3,0.3333333333,55,10.71428571,28,380,380,base_ma,150,2015-08-02
133,weekly,2017–2018 사이클,1.300628465,-0.7502150918,0.7523610345,1.481439832,2.263392517,0.4618705642,2.816002069,1.733674087,0.6617731789,0.3382268211,7,1.227538261,0.002453396114,5.28685789,2,0.2857142857,55,10.71428571,28,380,380,base_ma,150,2015-08-02
134,weekly_price,2017–2018 사이클,1.091102244,-0.7844888628,0.74877827,1.357270863,2.06114175,0.5235727718,2.083955284,1.390844786,0.5780821918,0.4219178082,7,3.500897732,0.006997002997,4.36829507,5,0.7142857143,55,10.71428571,28,380,380,base_ma,150,2015-08-02
135,weekly_price_vol,2017–2018 사이클,0.6318125416,-0.386992977,0.3670185484,1.518354459,2.273672023,0.2471617381,2.556271641,1.632620175,0.2796984615,0.7203015385,63,2.454919541,0.004906478481,2.66102775,27,0.4285714286,117,11.33333333,27,380,380,base_ma,150,2015-08-02
136,original,2019 전환기,0.7608803833,-0.3715840704,0.5773304128,1.267227876,1.94844299,0.2152747372,3.534462024,2.047666851,0.4803422595,0.5196577405,4,1.942911324,0.001941581474,1.760198564,0,0,19,5.5,12,188,188,base_ma,150,2015-08-02
137,improved,2019 전환기,0.7957467617,-0.3723259388,0.5780975494,1.300602237,1.983359724,0.2124520411,3.74553597,2.1372316,0.5721790306,0.4278209694,5,1.616647905,0.001615541369,1.795027352,0,0,48,10.92857143,14,188,188,base_ma,150,2015-08-02
138,confirm2,2019 전환기,0.8398281852,-0.3709550254,0.5771671878,1.343832703,2.053659004,0.2100880884,3.997505007,2.26396228,0.573129233,0.426870767,5,1.625418506,0.001624305968,1.839060589,0,0,48,10.78571429,14,188,188,base_ma,150,2015-08-02
139,buffer1,2019 전환기,0.7359144894,-0.3723259388,0.5717125183,1.249384889,1.903086446,0.2126690447,3.460374266,1.976532959,0.5343724689,0.4656275311,6,1.799158465,0.001797927008,1.735259297,0,0,48,10.78571429,14,188,188,base_ma,150,2015-08-02
140,confirm2_buffer1,2019 전환기,0.7260846272,-0.3709550254,0.5717898669,1.239338582,1.887908073,0.2117084963,3.429643305,1.9573387,0.5370969585,0.4629030415,6,1.780378707,0.001779160104,1.725439852,0,0,48,10.78571429,14,188,188,base_ma,150,2015-08-02
141,weekly,2019 전환기,0.8011094621,-0.3730685498,0.5768745507,1.307272747,1.997234357,0.2087595379,3.837474781,2.147351908,0.5696885556,0.4303114444,4,1.618386703,0.001617278977,1.80038423,0,0,48,10.78571429,14,188,188,base_ma,150,2015-08-02
142,weekly_price,2019 전환기,0.9982842013,-0.3730685498,0.6005925767,1.449281406,2.315162693,0.2087167337,4.782961977,2.67587338,0.498630137,0.501369863,2,2.000370178,0.001999000999,1.997337547,0,0,19,5.5,12,188,188,base_ma,150,2015-08-02
143,weekly_price_vol,2019 전환기,0.7266444667,-0.2345254556,0.3590387055,1.69504595,3.144930799,0.1235111965,5.88322749,3.098360751,0.2672761386,0.7327238614,27,3.288336662,0.003286085918,1.725999099,11,0.4074074074,19,5.5,12,188,188,base_ma,150,2015-08-02
144,original,2020–2022 사이클,0.549673907,-0.4796810153,0.4628480797,1.176944244,1.804081901,0.2928186047,1.877182318,1.145915493,0.4813701865,0.5186298135,16,2.644983885,0.007936762048,3.722641154,3,0.1875,185,15.44444444,27,627,627,base_ma,150,2015-08-02
145,improved,2020–2022 사이클,0.3112979661,-0.5902789942,0.4962296168,0.7948257932,1.167049104,0.3552791329,0.8762067266,0.527374291,0.5896075328,0.4103924672,19,2.12757707,0.006384187458,2.255198245,0,0,256,17.41666667,24,627,627,base_ma,150,2015-08-02
146,confirm2,2020–2022 사이클,0.1871433629,-0.5947203445,0.5328390073,0.6025492342,0.8290097844,0.389929135,0.4799419848,0.3146745604,0.5899853211,0.4100146789,19,2.165711306,0.006498616267,1.673248719,0,0,277,22.31578947,19,627,627,base_ma,150,2015-08-02
147,buffer1,2020–2022 사이클,0.3367198814,-0.5199310153,0.5189759535,0.833470867,1.150027971,0.3494919253,0.9634553963,0.6476241492,0.5048276839,0.4951723161,18,1.996200395,0.005989967509,2.388952378,0,0,277,22.31578947,19,627,627,base_ma,150,2015-08-02
148,confirm2_buffer1,2020–2022 사이클,0.3981010511,-0.5131869632,0.5247406047,0.9151356698,1.278717687,0.3250480169,1.224745362,0.7757427208,0.5052962231,0.4947037769,18,1.981767674,0.005946659467,2.733476235,0,0,272,20,21,627,627,base_ma,150,2015-08-02
149,weekly,2020–2022 사이클,0.3759715745,-0.5140237511,0.5349167574,0.8780048695,1.224023608,0.3386317853,1.11026664,0.731428409,0.5079166106,0.4920833894,17,2.006838058,0.00602188778,2.605693078,0,0,277,21.05,20,627,627,base_ma,150,2015-08-02
150,weekly_price,2020–2022 사이클,0.6050713473,-0.3970678989,0.4751430357,1.232382131,1.901652097,0.2502185379,2.418171541,1.523848563,0.4981751825,0.5018248175,8,2.664726697,0.007996003996,4.136410952,1,0.125,209,20.73333333,30,418,418,base_ma,150,2015-08-02
151,weekly_price_vol,2020–2022 사이클,0.3980067509,-0.2601840092,0.2991265379,1.269472346,1.950886148,0.1612684016,2.467977278,1.529712576,0.3250110814,0.6749889186,82,2.487425788,0.007463979915,2.732923037,20,0.243902439,209,21.44827586,29,418,418,base_ma,150,2015-08-02
152,original,2023 이후,0.3529522697,-0.2334055446,0.3494571167,1.038328552,1.656891694,0.1305604671,2.703362493,1.512184598,0.6029625559,0.3970374441,27,4.088662866,0.01386955042,2.78827777,7,0.2592592593,243,26.91666667,36,229,243,base_ma,150,2015-08-02
153,improved,2023 이후,0.4012933752,-0.2238200781,0.3553397397,1.125897244,1.786348562,0.1217553143,3.295900286,1.792928403,0.6427168277,0.3572831723,33,3.388462054,0.01149433124,3.140909955,8,0.2424242424,293,24.325,40,229,293,base_ma,150,2015-08-02
154,confirm2,2023 이후,0.4143931933,-0.2167604772,0.3580287267,1.145922687,1.834463801,0.1136810484,3.645226702,1.911756233,0.6391253598,0.3608746402,31,3.158674613,0.01071484694,3.24163159,5,0.1612903226,243,22.09090909,44,229,243,base_ma,150,2015-08-02
155,buffer1,2023 이후,0.3654074639,-0.2236420468,0.3579725385,1.047781459,1.655473129,0.1246937722,2.930438766,1.633894293,0.6514424949,0.3485575051,27,2.660294162,0.00902424221,2.87631398,1,0.03703703704,293,24.82051282,39,229,293,base_ma,150,2015-08-02
156,confirm2_buffer1,2023 이후,0.3878684131,-0.2085268347,0.360047352,1.088942354,1.739054361,0.116693648,3.323817704,1.860040765,0.6503852042,0.3496147958,27,2.669477163,0.00905539276,3.039999175,1,0.03703703704,243,23.53658537,41,229,243,base_ma,150,2015-08-02
157,weekly,2023 이후,0.3864865949,-0.2215987149,0.3582853846,1.089826767,1.733295346,0.1156866308,3.340806039,1.744083196,0.6248991941,0.3751008059,26,2.854167476,0.009681898706,3.029744075,2,0.07692307692,239,20.33333333,33,522,522,base_ma,150,2015-08-02
158,weekly_price,2023 이후,0.2568462061,-0.3810689507,0.3826895812,0.7873300261,1.219039258,0.1640555541,1.565605063,0.6740150454,0.6933010492,0.3066989508,19,5.598144591,0.01899000999,2.171623761,8,0.4210526316,141,13.43333333,30,801,801,base_ma,150,2015-08-02
159,weekly_price_vol,2023 이후,0.2281274295,-0.3348048821,0.3335107889,0.7817556088,1.213750086,0.1511469745,1.509308606,0.6813742621,0.6083944707,0.3916055293,99,6.077568458,0.02061631025,2.007850211,45,0.4545454545,277,22.34375,32,487,487,base_ma,150,2015-08-02
160,original,사후적 holdout 2019 이후,0.4814485854,-0.4796810153,0.4335042117,1.122337043,1.741218329,0.2666106258,1.805811692,1.003684886,0.5370286133,0.4629713867,47,3.212562319,0.02374789394,18.27043438,10,0.2127659574,1000,51.51111111,45,229,1000,base_ma,150,2015-08-02
161,improved,사후적 holdout 2019 이후,0.4105509448,-0.5950217144,0.4504787177,0.9885850448,1.494377493,0.3300098977,1.244056459,0.6899764073,0.6116227228,0.3883772772,57,2.637113125,0.01949406006,12.71485119,8,0.1403508772,1051,57.52380952,42,229,1051,base_ma,150,2015-08-02
162,confirm2,사후적 holdout 2019 이후,0.3649970227,-0.6509282895,0.467940089,0.9049212401,1.318652582,0.3490586977,1.045660874,0.5607330771,0.6102564455,0.3897435545,55,2.548331553,0.01883776918,9.975167446,5,0.09090909091,1051,58.95121951,41,229,1051,base_ma,150,2015-08-02
163,buffer1,사후적 holdout 2019 이후,0.3983442614,-0.6628587363,0.4606125656,0.964506369,1.404704243,0.3011822034,1.322602255,0.6009489498,0.5761016088,0.4238983912,51,2.274308496,0.01681213673,11.92362104,1,0.01960784314,1000,57.42857143,42,229,1000,base_ma,150,2015-08-02
164,confirm2_buffer1,사후적 holdout 2019 이후,0.4336634283,-0.6525394585,0.4639998506,1.014319198,1.491151924,0.2826090381,1.534499502,0.6645780919,0.5761749328,0.4238250672,51,2.270125113,0.01678121233,14.33800055,1,0.01960784314,966,49.12244898,49,229,966,base_ma,150,2015-08-02
165,weekly,사후적 holdout 2019 이후,0.4319700591,-0.643143745,0.4689209099,1.006089463,1.474840865,0.2898005554,1.490577057,0.6716539848,0.5699492702,0.4300507298,47,2.343155245,0.01732106546,14.21328303,2,0.04255319149,1000,50.33333333,42,522,1000,base_ma,150,2015-08-02
166,weekly_price,사후적 holdout 2019 이후,0.4778125758,-0.432807786,0.4555477458,1.08358918,1.686883256,0.2417952541,1.976104029,1.103983318,0.5877777778,0.4122222222,29,3.921028416,0.02898501499,17.94154053,9,0.3103448276,756,41.69047619,42,801,801,base_ma,150,2015-08-02
167,weekly_price_vol,사후적 holdout 2019 이후,0.3554550638,-0.3348048821,0.323638348,1.100174602,1.74538293,0.1649505902,2.154918412,1.061678258,0.4472476611,0.5527523389,208,4.243173654,0.03136637609,9.471075023,76,0.3653846154,518,39.53846154,52,487,518,base_ma,150,2015-08-02
168,monthly_10m,전체기간,0.5562573,-0.7289900897,0.5606806142,1.067814447,1.628641987,0.4688882386,1.18633238,0.763051937,0.6730126061,0.3269873939,20,1.878402662,0.01999000999,110.6968523,0,0,1583,61.12068966,58,229,1583,monthly_window,8,2015-10-02
169,monthly_10m,초기 관측 2015–2016,1.364206952,-0.3133080623,0.5293130848,1.891992179,2.894651727,0.1279864425,10.65899579,4.354203151,0.932166302,0.06783369803,1,0.7984357,0.000999000999,2.934637526,0,0,169,25.3125,16,3,169,monthly_window,8,2015-10-02
170,monthly_10m,2017–2018 사이클,1.410472631,-0.7289900897,0.7918025879,1.504805099,2.303709525,0.4724664781,2.98533906,1.93483101,0.6671232877,0.3328767123,3,1.500527555,0.002999000999,5.803384431,0,0,55,10.71428571,28,380,380,monthly_window,8,2015-10-02
171,monthly_10m,2019 전환기,0.3931029909,-0.4602245207,0.6209936299,0.8407425435,1.304513569,0.2179870596,1.803331774,0.8541548162,0.5863013699,0.4136986301,2,2.000370178,0.001999000999,1.392786901,0,0,19,5.714285714,7,188,188,monthly_window,8,2015-10-02
172,monthly_10m,2020–2022 사이클,0.2890771652,-0.7024699684,0.5124639095,0.7510158817,1.11291975,0.4520880061,0.6394267517,0.4115153362,0.526459854,0.473540146,8,2.664726697,0.007996003996,2.142457561,0,0,164,14.32142857,28,627,627,monthly_window,8,2015-10-02
173,monthly_10m,2023 이후,0.2579711203,-0.320846204,0.4094432087,0.7634738749,1.188205255,0.1625545308,1.586982036,0.8040335748,0.7360774818,0.2639225182,6,1.767881634,0.005997002997,2.178224124,0,0,243,24.35897436,39,229,243,monthly_window,8,2015-10-02
174,monthly_10m,사후적 holdout 2019 이후,0.288152359,-0.7192571916,0.4852459874,0.7630274848,1.159543468,0.4366642089,0.6598946127,0.4006249258,0.6307407407,0.3692592593,16,2.163363303,0.01599200799,6.499792089,0,0,1583,96.33333333,24,229,1583,monthly_window,8,2015-10-02
175,monthly_10m,전체기간,0.764132936,-0.7289900897,0.569910355,1.279788853,1.971827254,0.3612159055,2.115446536,1.048207578,0.7203498842,0.2796501158,12,1.127041597,0.01199400599,420.3321357,0,0,1105,39.40449438,89,229,1105,monthly_window,10,2015-10-02
176,monthly_10m,초기 관측 2015–2016,1.364206952,-0.3133080623,0.5293130848,1.891992179,2.894651727,0.1279864425,10.65899579,4.354203151,0.932166302,0.06783369803,1,0.7984357,0.000999000999,2.934637526,0,0,169,25.3125,16,3,169,monthly_window,10,2015-10-02
177,monthly_10m,2017–2018 사이클,1.410472631,-0.7289900897,0.7918025879,1.504805099,2.303709525,0.4724664781,2.98533906,1.93483101,0.6671232877,0.3328767123,3,1.500527555,0.002999000999,5.803384431,0,0,55,10.71428571,28,380,380,monthly_window,10,2015-10-02
178,monthly_10m,2019 전환기,0.3931029909,-0.4602245207,0.6209936299,0.8407425435,1.304513569,0.2179870596,1.803331774,0.8541548162,0.5863013699,0.4136986301,2,2.000370178,0.001999000999,1.392786901,0,0,19,5.714285714,7,188,188,monthly_window,10,2015-10-02
179,monthly_10m,2020–2022 사이클,0.6948463845,-0.530832087,0.5325467788,1.25622099,1.921241134,0.2363135589,2.940357667,1.308975854,0.5830291971,0.4169708029,4,1.332363348,0.003998001998,4.870211871,0,0,189,20.3,30,418,418,monthly_window,10,2015-10-02
180,monthly_10m,2023 이후,0.463380326,-0.320846204,0.4269208333,1.103666164,1.743543654,0.1538704761,3.011496017,1.444244377,0.8345439871,0.1654560129,2,0.589293878,0.001999000999,3.638515749,0,0,238,20.8,45,229,238,monthly_window,10,2015-10-02
181,monthly_10m,사후적 holdout 2019 이후,0.5429609401,-0.530832087,0.5006933059,1.115175679,1.728205024,0.2490032427,2.180537628,1.022848757,0.6988888889,0.3011111111,8,1.081681652,0.007996003996,24.68066104,0,0,715,41.34545455,55,229,715,monthly_window,10,2015-10-02
182,monthly_10m,전체기간,0.6114727954,-0.8570640576,0.5850183763,1.110810173,1.657856863,0.4067460924,1.503328014,0.7134505175,0.720607152,0.279392848,10,0.9392013312,0.009995004995,160.425102,0,0,1161,46.39473684,76,229,1161,monthly_window,12,2015-10-02
183,monthly_10m,초기 관측 2015–2016,1.364206952,-0.3133080623,0.5293130848,1.891992179,2.894651727,0.1279864425,10.65899579,4.354203151,0.932166302,0.06783369803,1,0.7984357,0.000999000999,2.934637526,0,0,169,25.3125,16,3,169,monthly_window,12,2015-10-02
184,monthly_10m,2017–2018 사이클,1.562616466,-0.7017065942,0.8236494538,1.552468244,2.365924925,0.4451430311,3.51036938,2.226880122,0.7493150685,0.2506849315,1,0.5003424658,0.001,6.558548996,0,0,55,10.71428571,28,380,380,monthly_window,12,2015-10-02
185,monthly_10m,2019 전환기,-0.1631182469,-0.4862220874,0.5656379251,-0.03292047699,-0.04772996173,0.2197784235,-0.7421940895,-0.3354809483,0.5835616438,0.4164383562,1,0.9996852463,0.000999000999,0.8369837618,0,0,13,6,3,188,188,monthly_window,12,2015-10-02
186,monthly_10m,2020–2022 사이클,0.4866958585,-0.530832087,0.5932366848,0.976980006,1.39529511,0.2809023137,1.732616055,0.9168546334,0.5839416058,0.4160583942,5,1.665620648,0.004998001998,3.286883221,0,0,272,30.9047619,21,418,418,monthly_window,12,2015-10-02
187,monthly_10m,2023 이후,0.3864892665,-0.320846204,0.4061638628,1.006310535,1.563851218,0.1532135103,2.522553434,1.204593546,0.7869249395,0.2130750605,2,0.589293878,0.001999000999,3.029763878,0,0,238,23.75675676,37,229,238,monthly_window,12,2015-10-02
188,monthly_10m,사후적 holdout 2019 이후,0.3322283478,-0.7059220809,0.5115647953,0.821615718,1.203534549,0.2935982203,1.131574801,0.4706303384,0.677037037,0.322962963,8,1.081681652,0.007996003996,8.335086098,0,0,756,55.29268293,41,229,756,monthly_window,12,2015-10-02
189,weekly_price_vol,전체기간,0.3447265935,-0.3279567734,0.2701695571,1.231055742,1.909533609,0.1588735072,2.169817987,1.051134239,0.3467431676,0.6532568324,362,4.062037215,0.04390670205,24.57023597,141,0.3905817175,828,38.06451613,93,283,828,vol_target,0.3,2015-08-02
190,weekly_price_vol,초기 관측 2015–2016,0.8802312643,-0.1874838065,0.3476061074,1.990303867,3.17270283,0.09873989572,8.914646485,4.694972225,0.5379523259,0.4620476741,57,6.10152173,0.008653219045,2.448433214,21,0.375,155,27.22222222,18,3,155,vol_target,0.3,2015-08-02
191,weekly_price_vol,2017–2018 사이클,0.4115847127,-0.3279567734,0.2788976598,1.3758836,2.034182399,0.1865944817,2.205771086,1.254996835,0.2105678693,0.7894321307,64,2.70200641,0.005400313975,1.991631356,31,0.484375,124,12.36,25,380,380,vol_target,0.3,2015-08-02
192,weekly_price_vol,2019 전환기,0.7514124664,-0.09535681336,0.2639505243,2.252309666,4.552261752,0.06023233922,12.47523301,7.88000815,0.2309792931,0.7690207069,29,2.476464747,0.002474769699,1.750740774,11,0.3793103448,19,5.0625,16,188,188,vol_target,0.3,2015-08-02
193,weekly_price_vol,2020–2022 사이클,0.2561732898,-0.29346585,0.2388730587,1.074320253,1.609139072,0.1326399705,1.931343084,0.8729236802,0.2564643303,0.7435356697,87,2.306095487,0.006919864898,1.982514899,25,0.2873563218,209,20.96666667,30,418,418,vol_target,0.3,2015-08-02
194,weekly_price_vol,2023 이후,0.1161420154,-0.2860971083,0.2552935171,0.5574574835,0.8460029397,0.1483719693,0.7827759917,0.4059531259,0.4609974401,0.5390025599,125,6.031057063,0.02045853443,1.451689729,53,0.424,263,27.78787879,33,283,283,vol_target,0.3,2015-08-02
195,weekly_price_vol,사후적 holdout 2019 이후,0.2445353061,-0.29346585,0.2499984062,0.9993882919,1.561057981,0.1479727491,1.652569866,0.8332666513,0.3468771023,0.6531228977,241,4.038470366,0.02985316903,5.038625848,89,0.3692946058,828,38.50847458,59,283,828,vol_target,0.3,2015-08-02
196,weekly_price_vol,전체기간,0.437148845,-0.4151333624,0.3469013316,1.218405538,1.879967354,0.2010903748,2.173892438,1.053032313,0.4405455769,0.5594544231,324,4.777834941,0.05164378466,50.4013206,121,0.3746130031,1037,41.26744186,86,283,1037,vol_target,0.4,2015-08-02
197,weekly_price_vol,초기 관측 2015–2016,0.903111639,-0.2454700255,0.4165903709,1.754255807,2.662908906,0.130236031,6.934422311,3.679111685,0.6384883161,0.3615116839,45,6.681500674,0.009475749073,2.490795633,16,0.3636363636,184,35.42857143,14,3,184,vol_target,0.4,2015-08-02
198,weekly_price_vol,2017–2018 사이클,0.5603271023,-0.4151333624,0.3678977255,1.393754881,2.068957759,0.2384262595,2.3501065,1.349752039,0.2795585891,0.7204414109,63,3.494370029,0.006983956526,2.433138364,27,0.4285714286,124,12.36,25,380,380,vol_target,0.4,2015-08-02
199,weekly_price_vol,2019 전환기,1.069509899,-0.1260814154,0.3494298321,2.25065658,4.547241765,0.07985662508,13.39287627,8.482692672,0.3066477025,0.6933522975,29,3.103221974,0.003101097935,2.068479916,11,0.3793103448,19,5.0625,16,188,188,vol_target,0.4,2015-08-02
200,weekly_price_vol,2020–2022 사이클,0.3382941765,-0.3769433603,0.3183866392,1.074602296,1.608179828,0.1738962183,1.94537972,0.8974668667,0.3416071132,0.6583928868,87,3.038494731,0.00911756393,2.397404876,23,0.2643678161,169,14.48275862,29,627,627,vol_target,0.4,2015-08-02
201,weekly_price_vol,2023 이후,0.1646471305,-0.3642602065,0.3248986098,0.63042752,0.9705539768,0.1728793768,0.9523815593,0.452004165,0.5796056598,0.4203943402,100,6.770071533,0.02296541719,1.677043474,44,0.44,268,27.84848485,33,283,283,vol_target,0.4,2015-08-02
202,weekly_price_vol,사후적 holdout 2019 이후,0.3318246076,-0.3769433603,0.3257438779,1.041281109,1.638497571,0.1855529999,1.788300959,0.8803036281,0.4460960074,0.5539039926,216,4.759624028,0.03518407906,8.316431484,78,0.3611111111,1037,40.625,56,283,1037,vol_target,0.4,2015-08-02
203,weekly_price_vol,전체기간,0.4985222825,-0.4927904977,0.4043574374,1.202074993,1.842082296,0.2399146629,2.077915024,1.011631281,0.5067165792,0.4932834208,263,4.986870147,0.0539032535,79.20447439,92,0.3511450382,1050,43.34146341,82,283,1050,vol_target,0.5,2015-08-02
204,weekly_price_vol,초기 관측 2015–2016,0.8446302811,-0.2585266315,0.4662653148,1.548426716,2.285361698,0.1511957257,5.586337027,3.267091967,0.7046455305,0.2953544695,38,7.006639247,0.009936862779,2.382947096,13,0.3513513514,188,41.5,12,3,188,vol_target,0.5,2015-08-02
205,weekly_price_vol,2017–2018 사이클,0.7272016409,-0.4927904977,0.4476507733,1.444662003,2.172387843,0.2832172531,2.567645978,1.475681135,0.3457967333,0.6542032667,63,4.174079613,0.008342445222,2.980994529,29,0.4603174603,61,11,28,380,380,vol_target,0.5,2015-08-02
206,weekly_price_vol,2019 전환기,1.276240772,-0.1565836048,0.4093899926,2.208259129,4.219325339,0.09920897726,12.8641662,8.150538962,0.3692875298,0.6307124702,26,3.24721357,0.003244990973,2.274959636,8,0.3076923077,19,5.4,15,188,188,vol_target,0.5,2015-08-02
207,weekly_price_vol,2020–2022 사이클,0.3819956984,-0.4581166352,0.3878061456,1.02861099,1.529068143,0.215949834,1.768909433,0.833839396,0.4147281517,0.5852718483,72,3.483908489,0.01045411007,2.640074883,17,0.2361111111,178,15,28,627,627,vol_target,0.5,2015-08-02
208,weekly_price_vol,2023 이후,0.2000698906,-0.3976382478,0.3602432237,0.6850079938,1.06001185,0.1823118527,1.097404736,0.5031454889,0.6406352316,0.3593647684,64,6.463316738,0.02192484446,1.856454014,25,0.390625,270,30.66666667,30,283,283,vol_target,0.5,2015-08-02
209,weekly_price_vol,사후적 holdout 2019 이후,0.3857118087,-0.4581166352,0.3785087128,1.049849039,1.640120711,0.221417015,1.742015214,0.8419511082,0.5122515017,0.4877484983,162,4.819128183,0.0356239455,11.14998124,50,0.3086419753,1050,44.68627451,51,283,1050,vol_target,0.5,2015-08-02
210,weekly_price_vol,전체기간,0.4196662732,-0.4585494194,0.3599494372,1.153135605,1.76504664,0.2258599387,1.858081941,0.9152040227,0.4535261418,0.5464738582,311,5.679572674,0.06139069929,44.15568747,124,0.4,1051,41.38372093,86,283,1051,vol_window,30,2015-08-02
211,weekly_price_vol,초기 관측 2015–2016,0.7299422481,-0.2468514412,0.4150465196,1.53059298,2.229603748,0.1366594653,5.341322288,2.957010275,0.6502689591,0.3497310409,46,7.969513306,0.01130241723,2.175594834,19,0.4222222222,187,41.66666667,12,3,187,vol_window,30,2015-08-02
212,weekly_price_vol,2017–2018 사이클,0.670128389,-0.4273883195,0.3917623118,1.505395154,2.268553461,0.2422611061,2.766141045,1.567961403,0.2997108269,0.7002891731,62,4.830885322,0.009655157523,2.787371073,23,0.3709677419,59,10.55172414,29,380,380,vol_window,30,2015-08-02
213,weekly_price_vol,2019 전환기,1.089659518,-0.1612159475,0.377002451,2.136621118,4.365387697,0.1006194004,10.82951711,6.759005761,0.3107785052,0.6892214948,29,4.225715032,0.004222822687,2.088605655,13,0.4482758621,20,5.466666667,15,188,188,vol_window,30,2015-08-02
214,weekly_price_vol,2020–2022 사이클,0.2733118663,-0.4585494194,0.3371686527,0.8858429478,1.294119568,0.2028945276,1.347063765,0.5960357919,0.3578695605,0.6421304395,80,3.849365283,0.0115507306,2.064791402,25,0.3125,169,14.06666667,30,627,627,vol_window,30,2015-08-02
215,weekly_price_vol,2023 이후,0.1669712022,-0.3578134713,0.3286969878,0.6328802017,0.9773598861,0.1753560573,0.9521838297,0.4666431412,0.588566417,0.411433583,94,7.269498307,0.02465957126,1.688422809,44,0.4680851064,265,30.63333333,30,283,283,vol_window,30,2015-08-02
216,weekly_price_vol,사후적 holdout 2019 이후,0.3080922502,-0.4585494194,0.3390444078,0.9603322498,1.501630335,0.2205543242,1.396899613,0.6718845062,0.4573677716,0.5426322284,203,5.469703237,0.04043312454,7.28138246,82,0.4039408867,1051,43.09433962,53,283,1051,vol_window,30,2015-08-02
217,weekly_price_vol,전체기간,0.437148845,-0.4151333624,0.3469013316,1.218405538,1.879967354,0.2010903748,2.173892438,1.053032313,0.4405455769,0.5594544231,324,4.777834941,0.05164378466,50.4013206,121,0.3746130031,1037,41.26744186,86,283,1037,vol_window,60,2015-08-02
218,weekly_price_vol,초기 관측 2015–2016,0.903111639,-0.2454700255,0.4165903709,1.754255807,2.662908906,0.130236031,6.934422311,3.679111685,0.6384883161,0.3615116839,45,6.681500674,0.009475749073,2.490795633,16,0.3636363636,184,35.42857143,14,3,184,vol_window,60,2015-08-02
219,weekly_price_vol,2017–2018 사이클,0.5603271023,-0.4151333624,0.3678977255,1.393754881,2.068957759,0.2384262595,2.3501065,1.349752039,0.2795585891,0.7204414109,63,3.494370029,0.006983956526,2.433138364,27,0.4285714286,124,12.36,25,380,380,vol_window,60,2015-08-02
220,weekly_price_vol,2019 전환기,1.069509899,-0.1260814154,0.3494298321,2.25065658,4.547241765,0.07985662508,13.39287627,8.482692672,0.3066477025,0.6933522975,29,3.103221974,0.003101097935,2.068479916,11,0.3793103448,19,5.0625,16,188,188,vol_window,60,2015-08-02
221,weekly_price_vol,2020–2022 사이클,0.3382941765,-0.3769433603,0.3183866392,1.074602296,1.608179828,0.1738962183,1.94537972,0.8974668667,0.3416071132,0.6583928868,87,3.038494731,0.00911756393,2.397404876,23,0.2643678161,169,14.48275862,29,627,627,vol_window,60,2015-08-02
222,weekly_price_vol,2023 이후,0.1646471305,-0.3642602065,0.3248986098,0.63042752,0.9705539768,0.1728793768,0.9523815593,0.452004165,0.5796056598,0.4203943402,100,6.770071533,0.02296541719,1.677043474,44,0.44,268,27.84848485,33,283,283,vol_window,60,2015-08-02
223,weekly_price_vol,사후적 holdout 2019 이후,0.3318246076,-0.3769433603,0.3257438779,1.041281109,1.638497571,0.1855529999,1.788300959,0.8803036281,0.4460960074,0.5539039926,216,4.759624028,0.03518407906,8.316431484,78,0.3611111111,1037,40.625,56,283,1037,vol_window,60,2015-08-02
224,weekly_price_vol,전체기간,0.4337411447,-0.4311090938,0.3436516695,1.219990617,1.874427786,0.2028823434,2.137894986,1.006105301,0.4306577255,0.5693422745,335,4.371580532,0.04725256657,49.12445928,135,0.4041916168,826,40.79310345,87,283,826,vol_window,90,2015-08-02
225,weekly_price_vol,초기 관측 2015–2016,0.848424844,-0.2583994072,0.4184658872,1.679111986,2.51027628,0.1407995834,6.025762461,3.283385411,0.6292786325,0.3707213675,46,5.891544951,0.008355428568,2.389902031,12,0.2666666667,188,35.57142857,14,3,188,vol_window,90,2015-08-02
226,weekly_price_vol,2017–2018 사이클,0.5475208753,-0.4311090938,0.3684830462,1.369768428,2.02696692,0.2491514169,2.197542691,1.270028592,0.2880336955,0.7119663045,63,3.256837463,0.006509216559,2.39338979,25,0.3968253968,117,11.80769231,26,380,380,vol_window,90,2015-08-02
227,weekly_price_vol,2019 전환기,1.033841505,-0.1343289574,0.3519693016,2.188833879,4.18006347,0.08226213348,12.56764761,7.696341318,0.3018256911,0.6981743089,29,2.273174862,0.002271618958,2.032853465,11,0.3793103448,19,5.0625,16,188,188,vol_window,90,2015-08-02
228,weekly_price_vol,2020–2022 사이클,0.3481345949,-0.3784296547,0.3112288219,1.115569079,1.68134415,0.1719573062,2.024540874,0.9199453336,0.3270597402,0.6729402598,87,2.847366703,0.008544049025,2.450691011,37,0.4252873563,189,20.96666667,30,418,418,vol_window,90,2015-08-02
229,weekly_price_vol,2023 이후,0.1741448058,-0.3413891966,0.3178025503,0.6629723741,1.023291779,0.1676931719,1.038472848,0.5101063757,0.5612444861,0.4387555139,110,6.359374962,0.02157225346,1.723890271,50,0.4545454545,268,29.61290323,31,283,283,vol_window,90,2015-08-02
230,weekly_price_vol,사후적 holdout 2019 이후,0.3376315131,-0.3784296547,0.3200341857,1.06791287,1.680599253,0.1809248048,1.866142752,0.8921909499,0.4311132484,0.5688867516,226,4.38136604,0.03238792145,8.588241551,98,0.4336283186,826,39.9122807,57,283,826,vol_window,90,2015-08-02
231,weekly,전체기간,0.6320932128,-0.6492746886,0.5350513429,1.186004444,1.776017113,0.3681528046,1.716931678,0.9735374317,0.597928789,0.402071211,82,3.267719026,0.03532088902,199.3277137,10,0.1234567901,1307,54.63934426,61,522,1307,weekday,4,2015-08-02
232,weekly_price,전체기간,0.6290375211,-0.6647100387,0.5398525327,1.176689355,1.767602838,0.3324945794,1.891873011,0.9463337161,0.6117021277,0.3882978723,45,4.161058167,0.04497702298,195.3307069,13,0.2954545455,830,47.65333333,75,283,830,weekday,4,2015-08-02
233,weekly_price_vol,전체기간,0.4482816397,-0.4804923372,0.3520256081,1.229763185,1.85534406,0.200708004,2.233501559,0.9329631401,0.4334827748,0.5665172252,325,4.364577516,0.04717687073,54.78554202,124,0.3827160494,760,42.26190476,84,283,760,weekday,4,2015-08-02
234,weekly,초기 관측 2015–2016,0.7649497254,-0.3133080623,0.4973476685,1.3938163,2.031277782,0.1589446273,4.812680609,2.441525826,0.7089105203,0.2910894797,17,5.233952533,0.00742282659,2.238295689,2,0.125,190,41.75,12,3,190,weekday,4,2015-08-02
235,weekly_price,초기 관측 2015–2016,0.946423995,-0.3133080623,0.5253521662,1.533276664,2.253236764,0.1575659721,6.006525284,3.020745742,0.7972972973,0.2027027027,7,4.932993165,0.006996003996,2.571570834,1,0.1666666667,190,38.53846154,13,3,190,weekday,4,2015-08-02
236,weekly_price_vol,초기 관측 2015–2016,1.013740929,-0.2178288748,0.4075944141,1.921861648,3.008405123,0.1119465302,9.055581511,4.653840912,0.6221130842,0.3778869158,42,5.652099591,0.008015845553,2.698608853,12,0.2926829268,179,32.8,15,3,179,weekday,4,2015-08-02
237,weekly,2017–2018 사이클,1.906582461,-0.5940291148,0.7285365962,1.826165965,2.864028993,0.3878426552,4.915865842,3.209577466,0.5953483586,0.4046516414,8,2.025684812,0.004048596613,8.435891024,2,0.25,55,10.71428571,28,380,380,weekday,4,2015-08-02
238,weekly_price,2017–2018 사이클,1.483764158,-0.6573709116,0.7200445872,1.620240197,2.529153147,0.4294416832,3.455100462,2.25711867,0.5561643836,0.4438356164,7,3.500897732,0.006997002997,6.161406108,3,0.4285714286,60,10.92857143,28,380,380,weekday,4,2015-08-02
239,weekly_price_vol,2017–2018 사이클,0.7283190158,-0.3116084574,0.3627006085,1.690299585,2.584397717,0.1948217057,3.73838743,2.337288987,0.2706746003,0.7293253997,61,2.957519618,0.005910990613,2.984850111,26,0.4262295082,124,13.43478261,23,380,380,weekday,4,2015-08-02
240,weekly,2019 전환기,1.036087117,-0.3709550254,0.6007149799,1.480382352,2.365088438,0.2118647154,4.89032407,2.793026233,0.5322006549,0.4677993451,4,1.994656039,0.001993290771,2.035096449,0,0,19,5.923076923,13,188,188,weekday,4,2015-08-02
241,weekly_price,2019 전환기,1.052641628,-0.3709550254,0.6012619081,1.493075796,2.386053584,0.2114130542,4.979075827,2.837652965,0.5369863014,0.4630136986,2,2.000370178,0.001999000999,2.051631533,0,0,19,5.923076923,13,188,188,weekday,4,2015-08-02
242,weekly_price_vol,2019 전환기,0.7368857704,-0.2244535975,0.357774121,1.716653558,3.139808332,0.1214731446,6.066244293,3.283020539,0.3057754063,0.6942245937,29,3.170705378,0.003168535148,1.736229547,11,0.3793103448,19,6.416666667,12,188,188,weekday,4,2015-08-02
243,weekly,2020–2022 사이클,0.2066698117,-0.6103106411,0.5474584201,0.6309514807,0.8655554285,0.407447018,0.507231131,0.3386305232,0.5433515861,0.4566484139,21,2.986440119,0.008961364465,1.757199971,2,0.09523809524,276,22.21052632,19,627,627,weekday,4,2015-08-02
244,weekly_price,2020–2022 사이클,0.3579256069,-0.5257189859,0.5488019213,0.8458804912,1.178359639,0.2993811463,1.195551595,0.6808306652,0.5301094891,0.4698905109,10,3.330908371,0.009995004995,2.504487583,2,0.2,280,28.77272727,22,418,418,weekday,4,2015-08-02
245,weekly_price_vol,2020–2022 사이클,0.2333682061,-0.4082157738,0.3555447286,0.7758497363,1.044934858,0.2100804381,1.110851673,0.5716785609,0.341612053,0.658387947,88,3.02286611,0.009070667369,1.876465553,27,0.3068181818,272,27.30434783,23,418,418,weekday,4,2015-08-02
246,weekly,2023 이후,0.3758991576,-0.2350142734,0.3528031152,1.079395788,1.730328782,0.1199304412,3.134309805,1.599473735,0.6206911462,0.3793088538,32,3.801315225,0.01289481058,2.951977767,4,0.125,241,19.91176471,34,522,522,weekday,4,2015-08-02
247,weekly_price,2023 이후,0.2943257488,-0.3090549359,0.3674897505,0.8841255736,1.401388195,0.1739596157,1.691919976,0.9523412009,0.6610169492,0.3389830508,19,5.598144591,0.01899000999,2.399241402,7,0.3684210526,243,24.10526316,38,283,283,weekday,4,2015-08-02
248,weekly_price_vol,2023 이후,0.2423176608,-0.2903614852,0.3137576309,0.8470927917,1.34479645,0.1622452058,1.493527403,0.8345378887,0.5694335155,0.4305664845,105,6.19387119,0.02101083204,2.087640703,48,0.4571428571,243,24.83783784,37,283,283,weekday,4,2015-08-02
249,weekly,사후적 holdout 2019 이후,0.3754962536,-0.6492746886,0.4769103322,0.9125085563,1.336742769,0.371428143,1.010952618,0.5783318836,0.5773344102,0.4226655898,57,3.226302737,0.02384946582,10.55648333,6,0.1052631579,1307,64.15625,32,522,1307,weekday,4,2015-08-02
250,weekly_price,사후적 holdout 2019 이후,0.4046672988,-0.6497384326,0.4826871135,0.9507095909,1.404177432,0.2948079695,1.372647081,0.6228157032,0.5911111111,0.4088888889,31,4.191448829,0.03098401598,12.32798779,9,0.2903225806,830,50.75555556,45,283,830,weekday,4,2015-08-02
251,weekly_price_vol,사후적 holdout 2019 이후,0.2960828099,-0.4804923372,0.337256637,0.9398360894,1.398272501,0.2069340194,1.430807804,0.616207142,0.4413122071,0.5586877929,222,4.497990787,0.03325003456,6.801481088,86,0.3873873874,760,43.80769231,52,283,760,weekday,4,2015-08-02
252,weekly,전체기간,0.610694447,-0.6577031317,0.539387529,1.156498469,1.725128305,0.3675442818,1.661553389,0.9285259831,0.6083379199,0.3916620801,85,3.363773732,0.03635914769,172.8273568,10,0.119047619,1308,54.72131148,61,522,1308,weekday,6,2015-08-02
253,weekly_price,전체기간,0.6080692432,-0.767290079,0.531535537,1.158461246,1.770218054,0.358355875,1.69683068,0.7924893854,0.615248227,0.384751773,51,4.715872084,0.05097402597,169.8068459,18,0.36,1055,51.79710145,69,283,1055,weekday,6,2015-08-02
254,weekly_price_vol,전체기간,0.437148845,-0.4151333624,0.3469013316,1.218405538,1.879967354,0.2010903748,2.173892438,1.053032313,0.4405455769,0.5594544231,324,4.777834941,0.05164378466,50.4013206,121,0.3746130031,1037,41.26744186,86,283,1037,weekday,6,2015-08-02
255,weekly,초기 관측 2015–2016,0.7023995209,-0.3133080623,0.509594152,1.301973847,1.874141656,0.1639906641,4.283167731,2.241881412,0.7176700842,0.2823299158,17,5.923471971,0.008400707682,2.126634978,2,0.125,189,41.91666667,12,3,189,weekday,6,2015-08-02
256,weekly_price,초기 관측 2015–2016,0.8432952133,-0.3133080623,0.5290011381,1.423386781,2.077934703,0.1740919043,4.843965703,2.691584785,0.8108108108,0.1891891892,9,6.342520414,0.008995004995,2.380501514,4,0.5,190,38.53846154,13,3,190,weekday,6,2015-08-02
257,weekly_price_vol,초기 관측 2015–2016,0.903111639,-0.2454700255,0.4165903709,1.754255807,2.662908906,0.130236031,6.934422311,3.679111685,0.6384883161,0.3615116839,45,6.681500674,0.009475749073,2.490795633,16,0.3636363636,184,35.42857143,14,3,184,weekday,6,2015-08-02
258,weekly,2017–2018 사이클,1.716221614,-0.6577031317,0.7468323644,1.70981251,2.629756077,0.4325769036,3.967437003,2.609416819,0.655690518,0.344309482,8,2.086943308,0.004171029747,7.367774673,2,0.25,55,10.71428571,28,380,380,weekday,6,2015-08-02
259,weekly_price,2017–2018 사이클,1.088938448,-0.767290079,0.7389214596,1.364060323,2.074118996,0.4919487814,2.213519962,1.41920048,0.5684931507,0.4315068493,9,4.501082821,0.008996003996,4.359265621,4,0.4444444444,59,10.89285714,28,380,380,weekday,6,2015-08-02
260,weekly_price_vol,2017–2018 사이클,0.5603271023,-0.4151333624,0.3678977255,1.393754881,2.068957759,0.2384262595,2.3501065,1.349752039,0.2795585891,0.7204414109,63,3.494370029,0.006983956526,2.433138364,27,0.4285714286,124,12.36,25,380,380,weekday,6,2015-08-02
261,weekly,2019 전환기,1.268356084,-0.3108229514,0.5914168049,1.676626536,2.743602906,0.1842734676,6.883009803,4.08063844,0.5316142196,0.4683857804,6,1.945181192,0.001943849788,2.26708477,0,0,19,5.4,15,188,188,weekday,6,2015-08-02
262,weekly_price,2019 전환기,1.513126091,-0.265619705,0.5887004344,1.856084117,3.06391135,0.160039486,9.454704765,5.696588252,0.5369863014,0.4630136986,2,2.000370178,0.001999000999,2.511541434,0,0,19,5.4,15,188,188,weekday,6,2015-08-02
263,weekly_price_vol,2019 전환기,1.069509899,-0.1260814154,0.3494298321,2.25065658,4.547241765,0.07985662508,13.39287627,8.482692672,0.3066477025,0.6933522975,29,3.103221974,0.003101097935,2.068479916,11,0.3793103448,19,5.0625,16,188,188,weekday,6,2015-08-02
264,weekly,2020–2022 사이클,0.2119132261,-0.5899335969,0.5404263477,0.6397885722,0.880631993,0.3922510325,0.5402489948,0.3592153883,0.5397201409,0.4602798591,23,2.962709189,0.008890155431,1.780211936,2,0.08695652174,277,21.05,20,627,627,weekday,6,2015-08-02
265,weekly_price,2020–2022 사이클,0.5160501846,-0.5225042168,0.4976611269,1.084390787,1.645992862,0.2636792223,1.957113572,0.987647885,0.5237226277,0.4762773723,10,3.330908371,0.009995004995,3.485494683,2,0.2,169,14,30,627,627,weekday,6,2015-08-02
266,weekly_price_vol,2020–2022 사이클,0.3382941765,-0.3769433603,0.3183866392,1.074602296,1.608179828,0.1738962183,1.94537972,0.8974668667,0.3416071132,0.6583928868,87,3.038494731,0.00911756393,2.397404876,23,0.2643678161,169,14.48275862,29,627,627,weekday,6,2015-08-02
267,weekly,2023 이후,0.3449930331,-0.2573260655,0.3582514066,1.004870569,1.602372092,0.1256179377,2.746367593,1.340684366,0.618029428,0.381970572,31,3.818588533,0.01295340505,2.733025802,4,0.1290322581,242,20.51515152,33,522,522,weekday,6,2015-08-02
268,weekly_price,2023 이후,0.2025034555,-0.4109948773,0.3749657588,0.677830688,1.0467435,0.1866927827,1.084688184,0.4927152788,0.6650524617,0.3349475383,21,6.18743847,0.02098901099,1.869255335,8,0.380952381,277,32.89285714,28,283,283,weekday,6,2015-08-02
269,weekly_price_vol,2023 이후,0.1646471305,-0.3642602065,0.3248986098,0.63042752,0.9705539768,0.1728793768,0.9523815593,0.452004165,0.5796056598,0.4203943402,100,6.770071533,0.02296541719,1.677043474,44,0.44,268,27.84848485,33,283,283,weekday,6,2015-08-02
270,weekly,사후적 holdout 2019 이후,0.3836885221,-0.618907494,0.4739866759,0.9274486373,1.367114224,0.3514836134,1.091625633,0.6199448638,0.5745596022,0.4254403978,60,3.217908,0.02378741026,11.03019524,6,0.1,1308,60.5,34,522,1308,weekday,6,2015-08-02
271,weekly_price,사후적 holdout 2019 이후,0.4595201532,-0.5225042168,0.4603454204,1.050098779,1.630651334,0.2644806681,1.737443256,0.8794573104,0.5903703704,0.4096296296,33,4.461869242,0.03298301698,16.36339449,10,0.303030303,1051,48.61702128,47,283,1051,weekday,6,2015-08-02
272,weekly_price_vol,사후적 holdout 2019 이후,0.3318246076,-0.3769433603,0.3257438779,1.041281109,1.638497571,0.1855529999,1.788300959,0.8803036281,0.4460960074,0.5539039926,216,4.759624028,0.03518407906,8.316431484,78,0.3611111111,1037,40.625,56,283,1037,weekday,6,2015-08-02
273,weekly,전체기간,0.6084850194,-0.6783174614,0.5393315199,1.154004568,1.721791828,0.3744563611,1.624982462,0.8970505022,0.6091973724,0.3908026276,80,3.320015934,0.03588616812,170.2820146,12,0.1518987342,1065,56.77777778,63,283,1065,weekday,1,2015-08-02
274,weekly_price,전체기간,0.7232526105,-0.6510224322,0.5230115124,1.300688603,2.017640704,0.3109942441,2.325614137,1.110948832,0.609929078,0.390070922,47,4.345996139,0.04697602398,358.6773872,14,0.3043478261,1000,47.46666667,75,283,1000,weekday,1,2015-08-02
275,weekly_price_vol,전체기간,0.5005029144,-0.3546425872,0.3423027233,1.356295911,2.11146693,0.1793850222,2.790104258,1.411288245,0.4371120944,0.5628879056,322,4.445606726,0.04805271829,80.34339716,133,0.4143302181,962,43.30487805,82,283,962,weekday,1,2015-08-02
276,weekly,초기 관측 2015–2016,0.7676423302,-0.3133080623,0.5060105216,1.381547059,2.013137658,0.1577367073,4.866605517,2.450119938,0.7178406624,0.2821593376,16,5.930259619,0.00841033397,2.243140041,3,0.2,190,41.75,12,3,190,weekday,1,2015-08-02
277,weekly_price,초기 관측 2015–2016,0.7538360222,-0.3139167678,0.5216567789,1.340363907,1.959981847,0.1831017986,4.117032317,2.4013882,0.7972972973,0.2027027027,11,7.752047663,0.01099400599,2.218333391,4,0.4,194,45.72727273,11,3,194,weekday,1,2015-08-02
278,weekly_price_vol,초기 관측 2015–2016,0.8425478608,-0.2314711532,0.4099834737,1.696665972,2.585799292,0.1321913158,6.373700537,3.639969168,0.6324697323,0.3675302677,44,7.439192355,0.0105503125,2.379132835,19,0.4418604651,188,41.75,12,3,188,weekday,1,2015-08-02
279,weekly,2017–2018 사이클,1.588613119,-0.6783174614,0.7482160917,1.643148123,2.536893372,0.4453636344,3.567002323,2.3419906,0.6481808891,0.3518191109,11,2.55647531,0.005109450996,6.692198856,3,0.2727272727,55,10.71428571,28,380,380,weekday,1,2015-08-02
280,weekly_price,2017–2018 사이클,1.689962918,-0.6510224322,0.7248664133,1.724277955,2.712269388,0.3990341597,4.235133452,2.595859735,0.5808219178,0.4191780822,7,3.500897732,0.006997002997,7.226105464,3,0.4285714286,55,10.71428571,28,380,380,weekday,1,2015-08-02
281,weekly_price_vol,2017–2018 사이클,0.6547253752,-0.3546425872,0.3746037056,1.533336113,2.246785388,0.2004685858,3.265974929,1.846155535,0.29122876,0.70877124,63,2.885832993,0.005767715495,2.736228955,19,0.3015873016,119,12.4,25,380,380,weekday,1,2015-08-02
282,weekly,2019 전환기,1.171212764,-0.3566616318,0.5998890662,1.588938171,2.547161791,0.2024968767,5.783855941,3.28382046,0.536969382,0.463030618,4,1.996367119,0.00199500068,2.170060906,0,0,19,5.642857143,14,188,188,weekday,1,2015-08-02
283,weekly_price,2019 전환기,1.183778515,-0.3457644335,0.6001754551,1.598098401,2.563021428,0.2035423088,5.815884285,3.423656109,0.5369863014,0.4630136986,2,2.000370178,0.001999000999,2.18261137,0,0,19,5.642857143,14,188,188,weekday,1,2015-08-02
284,weekly_price_vol,2019 전환기,0.9012253006,-0.1914162287,0.353646429,1.988252809,3.801384701,0.1069071881,8.429978528,4.708196931,0.3040042106,0.6959957894,29,3.178777514,0.003176601759,1.90038939,13,0.4482758621,19,6.076923077,13,188,188,weekday,1,2015-08-02
285,weekly,2020–2022 사이클,0.2119917128,-0.5854055401,0.5406570384,0.6399897847,0.8796639796,0.3919981279,0.5407977683,0.3621279579,0.537647726,0.462352274,23,2.994488406,0.008985514833,1.780557911,3,0.1304347826,277,21.25,20,627,627,weekday,1,2015-08-02
286,weekly_price,2020–2022 사이클,0.4827883233,-0.4746410364,0.4832245413,1.055940601,1.606959908,0.304911646,1.583371215,1.017165155,0.5109489051,0.4890510949,10,3.330908371,0.009995004995,3.261028313,2,0.2,185,16.8,25,627,627,weekday,1,2015-08-02
287,weekly_price_vol,2020–2022 사이클,0.3383236652,-0.3133437649,0.3044776222,1.109050715,1.689187135,0.1965009631,1.721740493,1.079720432,0.3318881234,0.6681118766,85,3.139895781,0.009421836484,2.397563393,32,0.3764705882,169,16.11538462,26,627,627,weekday,1,2015-08-02
288,weekly,2023 이후,0.3736617955,-0.2425484356,0.3541274589,1.072213059,1.707435366,0.1193172641,3.131665802,1.54056568,0.6253769023,0.3746230977,26,3.356487616,0.01138586764,2.935726061,3,0.1153846154,242,26.85294118,34,283,283,weekday,1,2015-08-02
289,weekly_price,2023 이후,0.401660976,-0.2902623364,0.3684464196,1.099226523,1.751566829,0.1399587918,2.869851697,1.383786064,0.6577885391,0.3422114609,17,5.008850713,0.01699100899,3.143705846,5,0.2941176471,243,25.25,36,283,283,weekday,1,2015-08-02
290,weekly_price_vol,2023 이후,0.3414577876,-0.2646702061,0.3190036377,1.07917427,1.724329738,0.1282080415,2.663310223,1.290125521,0.5736814468,0.4263185532,101,5.641255901,0.01913625205,2.708734069,50,0.495049505,242,26.02857143,35,283,283,weekday,1,2015-08-02
291,weekly,사후적 holdout 2019 이후,0.3889396126,-0.6363136821,0.4740880788,0.9355926333,1.372561655,0.3547593706,1.096347679,0.6112388018,0.5778139682,0.4221860318,53,3.02567461,0.02236638315,11.34340804,6,0.1132075472,1065,65.54285714,35,283,1065,weekday,1,2015-08-02
292,weekly_price,사후적 holdout 2019 이후,0.5226296287,-0.4746410364,0.453509389,1.152435981,1.799072345,0.2711533826,1.927431713,1.101105022,0.5818518519,0.4181481481,29,3.921028416,0.02898501499,22.37550704,7,0.2413793103,1000,47.4375,48,283,1000,weekday,1,2015-08-02
293,weekly_price_vol,사후적 holdout 2019 이후,0.4048803393,-0.3133437649,0.3181166744,1.226294596,1.971877901,0.1693642054,2.390589785,1.292128278,0.439074901,0.560925099,215,4.292998382,0.03173469029,12.34181596,95,0.4418604651,962,44.49019608,51,283,962,weekday,1,2015-08-02
294,original,전체기간,0.4973611113,-0.8221245546,0.5678844134,0.998199719,1.466886751,0.4276032155,1.163136977,0.6049705103,0.6998822096,0.3001177904,69,3.526564857,0.03810910744,78.4568338,14,0.2058823529,1333,62.05555556,54,522,1333,execution_delay,1,2015-08-03
295,improved,전체기간,0.6301855527,-0.6295798235,0.5305126375,1.189386635,1.781543791,0.3563452354,1.768469142,1.000962117,0.6037522731,0.3962477269,98,3.527281393,0.03811685053,196.560614,15,0.1546391753,1063,52.95238095,63,522,1063,execution_delay,1,2015-08-03
296,confirm2,전체기간,0.6332363749,-0.6408449585,0.5330754014,1.189689989,1.783027689,0.36212051,1.748689614,0.988127263,0.6037219135,0.3962780865,96,3.431902483,0.0370861577,200.5724387,15,0.1578947368,1307,57.64516129,62,283,1307,execution_delay,1,2015-08-03
297,buffer1,전체기간,0.6272819713,-0.6444489126,0.5316575866,1.18463488,1.77297604,0.3646637019,1.720165643,0.9733618275,0.6107023042,0.3892976958,94,3.10785442,0.03358439807,192.8101856,9,0.09677419355,1065,54.98461538,65,283,1065,execution_delay,1,2015-08-03
298,confirm2_buffer1,전체기간,0.6655303639,-0.6420983149,0.5308584627,1.229438836,1.84528619,0.3455654745,1.925916832,1.03649293,0.6083974769,0.3916025231,90,3.019117231,0.03262547765,247.8350458,7,0.07865168539,1056,52,64,522,1056,execution_delay,1,2015-08-03
299,weekly,전체기간,0.6104904302,-0.6577031317,0.539456393,1.156185115,1.72466097,0.3675908398,1.660787931,0.9282157872,0.6082386896,0.3917613104,85,3.364625968,0.03635914769,172.3658523,10,0.119047619,1308,54.72131148,61,522,1308,execution_delay,1,2015-08-03
300,hybrid_score,전체기간,0.632383878,-0.6251151391,0.5252222118,1.198528336,1.800435382,0.3356911455,1.883826507,1.01162784,0.5986558532,0.4013441468,256,6.060655322,0.06549324177,199.443993,130,0.5098039216,1051,53.34328358,67,283,1051,execution_delay,1,2015-08-03
301,hybrid_score_conservative,전체기간,0.6198625544,-0.6353263202,0.5223946627,1.187412793,1.784666133,0.3367617965,1.840655801,0.975660121,0.5721391332,0.4278608668,162,5.159215393,0.05575201412,183.5199535,75,0.4658385093,1050,54.16666667,66,283,1050,execution_delay,1,2015-08-03
302,buy_hold,전체기간,0.6793730282,-0.8378314303,0.6680866985,1.112675366,1.649305642,0.4254808313,1.596718297,0.8108707833,1,0,1,0.09244619075,0.000999000999,271.0236827,0,0,1080,46.20512821,78,229,1080,execution_delay,1,2015-08-03
303,weekly_price,전체기간,0.6078648944,-0.767290079,0.5316034101,1.158141337,1.769729206,0.3584012691,1.696045597,0.7922230601,0.6151507474,0.3848492526,51,4.717066883,0.05097402597,169.3534071,18,0.36,1055,51.79710145,69,283,1055,execution_delay,1,2015-08-03
304,monthly_10m,전체기간,0.7143227838,-0.7289900897,0.5691866401,1.230564169,1.885416339,0.3596383881,1.986225073,0.9798799653,0.7170002534,0.2829997466,14,1.294893794,0.01399300699,338.5900119,0,0,1105,40.43820225,89,229,1105,execution_delay,1,2015-08-03
305,weekly_price_vol,전체기간,0.4369393808,-0.4151333624,0.3469458862,1.217872753,1.87914431,0.2011158485,2.172575578,1.052527743,0.4404138534,0.5595861466,324,4.779054846,0.05164388631,50.2720539,121,0.3746130031,1037,41.26744186,86,283,1037,execution_delay,1,2015-08-03
306,original,초기 관측 2015–2016,0.7478067576,-0.3133080623,0.5079687919,1.356333381,1.960406836,0.1616531075,4.625996796,2.386809813,0.7512828962,0.2487171038,15,5.939487793,0.008407159997,2.204153701,2,0.1428571429,189,41.83333333,12,3,189,execution_delay,1,2015-08-03
307,improved,초기 관측 2015–2016,0.7360258045,-0.3133080623,0.5081681957,1.342686235,1.938604253,0.1619416943,4.545004964,2.349207994,0.721184821,0.278815179,20,6.251910086,0.008849384024,2.183153673,5,0.2631578947,190,41.91666667,12,3,190,execution_delay,1,2015-08-03
308,confirm2,초기 관측 2015–2016,0.7359644341,-0.3133080623,0.5077846639,1.343250485,1.938957948,0.1618277226,4.547826677,2.349012115,0.7219338452,0.2780661548,19,5.886865558,0.008332674862,2.183044433,5,0.2777777778,190,41.91666667,12,3,190,execution_delay,1,2015-08-03
309,buffer1,초기 관측 2015–2016,0.8357334668,-0.3133080623,0.5083092099,1.452060925,2.119430831,0.1551054668,5.388162544,2.667449605,0.7703794218,0.2296205782,18,5.225025658,0.007395861095,2.362731161,3,0.1764705882,190,41.75,12,3,190,execution_delay,1,2015-08-03
310,confirm2_buffer1,초기 관측 2015–2016,0.8507300866,-0.3133080623,0.5063408231,1.47166825,2.157069258,0.1556924444,5.464170661,2.715315018,0.7703551922,0.2296448078,18,5.234914605,0.007409858592,2.390098565,3,0.1764705882,190,41.66666667,12,3,190,execution_delay,1,2015-08-03
311,weekly,초기 관측 2015–2016,0.7009361504,-0.3133080623,0.5100920655,1.299515387,1.870608189,0.1641492016,4.27011611,2.237210703,0.7171239915,0.2828760085,17,5.934929364,0.008400707682,2.12095618,2,0.125,189,41.91666667,12,3,189,execution_delay,1,2015-08-03
312,hybrid_score,초기 관측 2015–2016,0.7310450838,-0.3133080623,0.5081798581,1.337033297,1.926310932,0.1644251089,4.446067201,2.333310795,0.7593005668,0.2406994332,37,6.973476195,0.009870738378,2.174293105,15,0.4166666667,190,41.91666667,12,3,190,execution_delay,1,2015-08-03
313,hybrid_score_conservative,초기 관측 2015–2016,0.6895454302,-0.3133080623,0.5077385859,1.289875586,1.858046565,0.1699180012,4.058107,2.200854409,0.733259015,0.266740985,33,8.040527558,0.01138111635,2.100879596,15,0.46875,190,42,12,3,190,execution_delay,1,2015-08-03
314,buy_hold,초기 관측 2015–2016,1.387536372,-0.3133080623,0.5415825787,1.881436908,2.777470844,0.1351286707,10.26826036,4.428664754,1,0,1,0.7057739166,0.000999000999,3.427491997,0,0,169,27.16666667,18,3,169,execution_delay,1,2015-08-03
315,weekly_price,초기 관측 2015–2016,0.8419940122,-0.3133080623,0.529517929,1.421180511,2.074720235,0.1742602052,4.831820387,2.68743168,0.8104448743,0.1895551257,9,6.354788345,0.008995004995,2.374144811,4,0.5,190,38.53846154,13,3,190,execution_delay,1,2015-08-03
316,monthly_10m,초기 관측 2015–2016,0.8363956532,-0.3133080623,0.5284440204,1.417191122,2.071180626,0.1447077129,5.779896844,2.669563136,0.8820116054,0.1179883946,3,2.118027524,0.002998001998,2.363937635,0,0,169,31.0625,16,3,169,execution_delay,1,2015-08-03
317,weekly_price_vol,초기 관측 2015–2016,0.9020279198,-0.2454700255,0.4169990905,1.751575347,2.658847405,0.1303619423,6.91941148,3.674696811,0.63786555,0.36213445,45,6.69449609,0.009475850728,2.484407369,16,0.3636363636,184,35.42857143,14,3,184,execution_delay,1,2015-08-03
318,original,2017–2018 사이클,1.043996811,-0.8221245546,0.7869943147,1.299205817,1.967148309,0.4429287036,2.357031285,1.269876694,0.7734574229,0.2265425771,8,2.704099156,0.005404496601,4.173836221,4,0.5,55,10.71428571,28,380,380,execution_delay,1,2015-08-03
319,improved,2017–2018 사이클,1.825971903,-0.6295798235,0.7302781476,1.784906999,2.795426593,0.4094231648,4.459864659,2.900302448,0.628976237,0.371023763,13,2.55525831,0.005107018663,7.974768121,3,0.2307692308,55,10.71428571,28,380,380,execution_delay,1,2015-08-03
320,confirm2,2017–2018 사이클,1.8739963,-0.612138489,0.7302082199,1.808140968,2.834983003,0.4006233639,4.677700975,3.061392697,0.6305698502,0.3694301498,12,2.257285007,0.004511479958,8.247926383,3,0.25,55,10.71428571,28,380,380,execution_delay,1,2015-08-03
321,buffer1,2017–2018 사이클,1.833192291,-0.6139043347,0.7288531562,1.790482936,2.805062584,0.4056239897,4.519437553,2.986120455,0.6236368567,0.3763631433,9,1.474143528,0.002946269064,8.015543415,1,0.1111111111,55,10.71428571,28,380,380,execution_delay,1,2015-08-03
322,confirm2_buffer1,2017–2018 사이클,1.96757151,-0.5933495387,0.7267002518,1.857592115,2.91720129,0.3849860824,5.110760102,3.316041189,0.5984300556,0.4015699444,7,1.239906717,0.002478116094,8.793377219,0,0,55,10.71428571,28,380,380,execution_delay,1,2015-08-03
323,weekly,2017–2018 사이클,1.716221614,-0.6577031317,0.7468323644,1.70981251,2.629756077,0.4325769036,3.967437003,2.609416819,0.655690518,0.344309482,8,2.086943308,0.004171029747,7.367774673,2,0.25,55,10.71428571,28,380,380,execution_delay,1,2015-08-03
324,hybrid_score,2017–2018 사이클,1.750308201,-0.6229481117,0.7263498376,1.753133665,2.747216819,0.4074032629,4.296254745,2.809717484,0.5882326485,0.4117673515,45,5.985777096,0.01196336011,7.553726348,30,0.6666666667,55,10.75,28,380,380,execution_delay,1,2015-08-03
325,hybrid_score_conservative,2017–2018 사이클,1.717588176,-0.6353263202,0.7227814546,1.741593628,2.731165163,0.4233111889,4.05750715,2.70347398,0.5565827514,0.4434172486,11,2.486411729,0.004969419746,7.37518508,5,0.4545454545,55,10.75,28,380,380,execution_delay,1,2015-08-03
326,buy_hold,2017–2018 사이클,0.9516044828,-0.8378314303,0.8911583473,1.194253179,1.775837935,0.4539301189,2.096367796,1.135794682,1,0,0,0,0,3.805275363,0,0,55,10.71428571,28,380,380,execution_delay,1,2015-08-03
327,weekly_price,2017–2018 사이클,1.088938448,-0.767290079,0.7389214596,1.364060323,2.074118996,0.4919487814,2.213519962,1.41920048,0.5684931507,0.4315068493,9,4.501082821,0.008996003996,4.359265621,4,0.4444444444,59,10.89285714,28,380,380,execution_delay,1,2015-08-03
328,monthly_10m,2017–2018 사이클,1.410472631,-0.7289900897,0.7918025879,1.504805099,2.303709525,0.4724664781,2.98533906,1.93483101,0.6671232877,0.3328767123,3,1.500527555,0.002999000999,5.803384431,0,0,55,10.71428571,28,380,380,execution_delay,1,2015-08-03
329,weekly_price_vol,2017–2018 사이클,0.5603271023,-0.4151333624,0.3678977255,1.393754881,2.068957759,0.2384262595,2.3501065,1.349752039,0.2795585891,0.7204414109,63,3.494370029,0.006983956526,2.433138364,27,0.4285714286,124,12.36,25,380,380,execution_delay,1,2015-08-03
330,original,2019 전환기,1.62786235,-0.265619705,0.6271302502,1.851298229,2.993018429,0.1662618151,9.790957409,6.128545132,0.7287671233,0.2712328767,1,1.000684932,0.001,2.626125099,0,0,48,10.92857143,14,188,188,execution_delay,1,2015-08-03
331,improved,2019 전환기,1.310220354,-0.3038142729,0.591196191,1.708042842,2.79759039,0.1828302663,7.166320874,4.312570115,0.5335566748,0.4664433252,6,1.953767127,0.001952429846,2.308896677,0,0,19,5.4,15,188,188,execution_delay,1,2015-08-03
332,confirm2,2019 전환기,1.14677822,-0.3516879336,0.5996586033,1.570405233,2.517208237,0.205290201,5.586132286,3.260783526,0.5338122715,0.4661877285,6,1.980016647,0.001978661399,2.145655947,0,0,19,5.714285714,14,188,188,execution_delay,1,2015-08-03
333,buffer1,2019 전환기,1.10513994,-0.3560532267,0.5995770858,1.537790436,2.463914215,0.2078280672,5.317568291,3.103861606,0.5297120427,0.4702879573,6,1.965731206,0.001964385736,2.104067641,0,0,19,5.642857143,14,188,188,execution_delay,1,2015-08-03
334,confirm2_buffer1,2019 전환기,1.019163264,-0.3613605439,0.5875865042,1.487675306,2.333650143,0.2074070157,4.913832159,2.820350149,0.5294693591,0.4705306409,6,1.949430641,0.001948096329,2.01819236,0,0,19,5.571428571,14,188,188,execution_delay,1,2015-08-03
335,weekly,2019 전환기,1.268356084,-0.3108229514,0.5914168049,1.676626536,2.743602906,0.1842734676,6.883009803,4.08063844,0.5316142196,0.4683857804,6,1.945181192,0.001943849788,2.26708477,0,0,19,5.4,15,188,188,execution_delay,1,2015-08-03
336,hybrid_score,2019 전환기,1.305954899,-0.3022332468,0.5879475354,1.711115671,2.802741677,0.1824838166,7.156551874,4.321016676,0.5294021141,0.4705978859,20,4.950695426,0.00494730686,2.304636581,11,0.55,34,7.785714286,14,188,188,execution_delay,1,2015-08-03
337,hybrid_score_conservative,2019 전환기,1.308865838,-0.2948818485,0.5868542803,1.715359914,2.812708434,0.1808244217,7.238324478,4.438611073,0.5087437109,0.4912562891,12,3.444604998,0.003442247294,2.307543863,6,0.5,19,5.4,15,188,188,execution_delay,1,2015-08-03
338,buy_hold,2019 전환기,0.9447436861,-0.4862220874,0.7077326078,1.288593875,2.055828429,0.224985645,4.199128731,1.943029144,1,0,0,0,0,1.94385853,0,0,48,10.92857143,14,188,188,execution_delay,1,2015-08-03
339,weekly_price,2019 전환기,1.513126091,-0.265619705,0.5887004344,1.856084117,3.06391135,0.160039486,9.454704765,5.696588252,0.5369863014,0.4630136986,2,2.000370178,0.001999000999,2.511541434,0,0,19,5.4,15,188,188,execution_delay,1,2015-08-03
340,monthly_10m,2019 전환기,0.3931029909,-0.4602245207,0.6209936299,0.8407425435,1.304513569,0.2179870596,1.803331774,0.8541548162,0.5863013699,0.4136986301,2,2.000370178,0.001999000999,1.392786901,0,0,19,5.714285714,7,188,188,execution_delay,1,2015-08-03
341,weekly_price_vol,2019 전환기,1.069509899,-0.1260814154,0.3494298321,2.25065658,4.547241765,0.07985662508,13.39287627,8.482692672,0.3066477025,0.6933522975,29,3.103221974,0.003101097935,2.068479916,11,0.3793103448,19,5.0625,16,188,188,execution_delay,1,2015-08-03
342,original,2020–2022 사이클,-6.59789026e-05,-0.7425408428,0.5956253352,0.3122735181,0.4208297307,0.4140369963,-0.0001593550895,-8.885558718e-05,0.7185287051,0.2814712949,16,2.803030187,0.008411009129,0.9998020312,1,0.0625,292,25.23529412,17,627,627,execution_delay,1,2015-08-03
343,improved,2020–2022 사이클,0.210393445,-0.5925364521,0.5307505933,0.6396514856,0.8753161142,0.388337963,0.5417792361,0.3550725769,0.5393289152,0.4606710848,24,2.965164141,0.008897521966,1.773521466,2,0.08333333333,279,22.36842105,19,627,627,execution_delay,1,2015-08-03
344,confirm2,2020–2022 사이클,0.2155247545,-0.5917602163,0.5361970552,0.64606077,0.8901126236,0.3918368657,0.5500369501,0.3642096048,0.5397341445,0.4602658555,24,2.952873422,0.008860641396,1.796178283,2,0.08333333333,276,21.15,20,627,627,execution_delay,1,2015-08-03
345,buffer1,2020–2022 사이클,0.1997831592,-0.5917524179,0.532844229,0.6227311887,0.8509410535,0.3942779787,0.5067063595,0.3376127468,0.5415225535,0.4584774465,24,2.968988146,0.0089089966,1.727278741,2,0.08333333333,277,21.25,20,627,627,execution_delay,1,2015-08-03
346,confirm2_buffer1,2020–2022 사이클,0.2680404617,-0.5690008284,0.5348961705,0.7253311716,1.004013954,0.3744994163,0.7157299852,0.4710721818,0.5413742325,0.4586257675,24,2.954761756,0.008866307692,2.039247439,2,0.08333333333,272,20.0952381,21,627,627,execution_delay,1,2015-08-03
347,weekly,2020–2022 사이클,0.2119132261,-0.5899335969,0.5404263477,0.6397885722,0.880631993,0.3922510325,0.5402489948,0.3592153883,0.5397201409,0.4602798591,23,2.962709189,0.008890155431,1.780211936,2,0.08695652174,277,21.05,20,627,627,execution_delay,1,2015-08-03
348,hybrid_score,2020–2022 사이클,0.2447925513,-0.5215476348,0.5195354263,0.6956642384,0.9597211662,0.349705309,0.6999966687,0.4693579933,0.5245533891,0.4754466109,66,5.525855497,0.01658134873,1.929105739,32,0.4848484848,282,22.52631579,19,627,627,execution_delay,1,2015-08-03
349,hybrid_score_conservative,2020–2022 사이클,0.2648963082,-0.5215476348,0.514846786,0.7284403265,1.004649219,0.356644473,0.7427461471,0.5079043418,0.4927390825,0.5072609175,39,4.40484581,0.01321755238,2.024112411,15,0.3846153846,292,25.23529412,17,627,627,execution_delay,1,2015-08-03
350,buy_hold,2020–2022 사이클,0.3209679295,-0.7666881596,0.7250178445,0.7570220122,1.072377598,0.3887025993,0.8257416596,0.4186420847,1,0,0,0,0,2.305470492,0,0,189,18.05714286,35,418,418,execution_delay,1,2015-08-03
351,weekly_price,2020–2022 사이클,0.5160501846,-0.5225042168,0.4976611269,1.084390787,1.645992862,0.2636792223,1.957113572,0.987647885,0.5237226277,0.4762773723,10,3.330908371,0.009995004995,3.485494683,2,0.2,169,14,30,627,627,execution_delay,1,2015-08-03
352,monthly_10m,2020–2022 사이클,0.6948463845,-0.530832087,0.5325467788,1.25622099,1.921241134,0.2363135589,2.940357667,1.308975854,0.5830291971,0.4169708029,4,1.332363348,0.003998001998,4.870211871,0,0,189,20.3,30,418,418,execution_delay,1,2015-08-03
353,weekly_price_vol,2020–2022 사이클,0.3382941765,-0.3769433603,0.3183866392,1.074602296,1.608179828,0.1738962183,1.94537972,0.8974668667,0.3416071132,0.6583928868,87,3.038494731,0.00911756393,2.397404876,23,0.2643678161,169,14.48275862,29,627,627,execution_delay,1,2015-08-03
354,original,2023 이후,0.415219499,-0.2668295317,0.3537918818,1.157031092,1.870647344,0.1469584705,2.825420663,1.556122729,0.6100810691,0.3899189309,29,4.388436509,0.01488644171,3.248060225,7,0.2413793103,243,18.51351351,37,522,522,execution_delay,1,2015-08-03
355,improved,2023 이후,0.3484754314,-0.2378876258,0.3496033161,1.028590618,1.635048514,0.1304895103,2.670524478,1.46487414,0.6175563672,0.3824436328,35,3.923856881,0.01331049603,2.757104207,5,0.1428571429,243,19.97058824,34,522,522,execution_delay,1,2015-08-03
356,confirm2,2023 이후,0.3673719669,-0.2348813361,0.3508012639,1.065935487,1.700099793,0.1224287967,3.000698992,1.56407475,0.6157744169,0.3842255831,35,3.9510381,0.01340270008,2.890376238,5,0.1428571429,242,26.17142857,35,283,283,execution_delay,1,2015-08-03
357,buffer1,2023 이후,0.3548128143,-0.2639012103,0.34984232,1.041499999,1.661182758,0.1246061201,2.84747502,1.344491046,0.6215071138,0.3784928862,37,3.64627559,0.01236888557,2.801306105,3,0.08108108108,243,24.75675676,37,283,283,execution_delay,1,2015-08-03
358,confirm2_buffer1,2023 이후,0.3638535367,-0.2527740608,0.3530090883,1.05417051,1.678944998,0.1221824656,2.977952154,1.439441751,0.6292290489,0.3707709511,35,3.514860282,0.01192309895,2.865224926,2,0.05714285714,242,20.48484848,33,522,522,execution_delay,1,2015-08-03
359,weekly,2023 이후,0.3449930331,-0.2573260655,0.3582514066,1.004870569,1.602372092,0.1256179377,2.746367593,1.340684366,0.618029428,0.381970572,31,3.818588533,0.01295340505,2.733025802,4,0.1290322581,242,20.51515152,33,522,522,execution_delay,1,2015-08-03
360,hybrid_score,2023 이후,0.3447551428,-0.2684169675,0.3455711749,1.028663015,1.630783666,0.1351818098,2.5503072,1.284401452,0.6237160129,0.3762839871,88,6.523939167,0.02213048769,2.731386384,42,0.4772727273,243,25.52777778,36,283,283,execution_delay,1,2015-08-03
361,hybrid_score_conservative,2023 이후,0.3156294511,-0.2733431119,0.3433527789,0.9692523227,1.537742143,0.1407030307,2.243231361,1.154700585,0.6029857552,0.3970142448,67,6.704114621,0.02274167835,2.535856132,34,0.5074626866,243,26.25714286,35,283,283,execution_delay,1,2015-08-03
362,buy_hold,2023 이후,0.5718023229,-0.4913281286,0.4691500133,1.197233154,1.875694755,0.1744484685,3.2777721,1.163789105,1,0,0,0,0,4.636822603,0,0,238,18.0754717,53,229,238,execution_delay,1,2015-08-03
363,weekly_price,2023 이후,0.2025034555,-0.4109948773,0.3749657588,0.677830688,1.0467435,0.1866927827,1.084688184,0.4927152788,0.6650524617,0.3349475383,21,6.18743847,0.02098901099,1.869255335,8,0.380952381,277,32.89285714,28,283,283,execution_delay,1,2015-08-03
364,monthly_10m,2023 이후,0.463380326,-0.320846204,0.4269208333,1.103666164,1.743543654,0.1538704761,3.011496017,1.444244377,0.8345439871,0.1654560129,2,0.589293878,0.001999000999,3.638515749,0,0,238,20.8,45,229,238,execution_delay,1,2015-08-03
365,weekly_price_vol,2023 이후,0.1646471305,-0.3642602065,0.3248986098,0.63042752,0.9705539768,0.1728793768,0.9523815593,0.452004165,0.5796056598,0.4203943402,100,6.770071533,0.02296541719,1.677043474,44,0.44,268,27.84848485,33,283,283,execution_delay,1,2015-08-03
366,original,사후적 holdout 2019 이후,0.3363609996,-0.7425408428,0.5046296638,0.8328829725,1.205230166,0.3831405699,0.8779049417,0.4529865298,0.6701473724,0.3298526276,46,3.286905155,0.02429745084,8.528123843,8,0.1739130435,1333,73.55172414,29,522,1333,execution_delay,1,2015-08-03
367,improved,사후적 holdout 2019 이후,0.3880532344,-0.620347765,0.4665022585,0.9417623545,1.383273101,0.3456234258,1.122763116,0.6255414403,0.5744463024,0.4255536976,65,3.268371695,0.02416044784,11.29000486,7,0.1076923077,1063,57.16666667,36,522,1063,execution_delay,1,2015-08-03
368,confirm2,사후적 holdout 2019 이후,0.3855347498,-0.6408449585,0.470844742,0.9334649045,1.372136895,0.3582982146,1.076016385,0.6016037806,0.5738276311,0.4261723689,65,3.279404279,0.02424200288,11.13945398,7,0.1076923077,1307,67.5,34,283,1307,execution_delay,1,2015-08-03
369,buffer1,사후적 holdout 2019 이후,0.3687703945,-0.6444489126,0.4689526023,0.9095565384,1.330787144,0.3598558135,1.024772647,0.5722259551,0.5766299734,0.4233700266,67,3.144162353,0.02324226791,10.18081845,5,0.07462686567,1065,62.05405405,37,283,1065,execution_delay,1,2015-08-03
370,confirm2_buffer1,사후적 holdout 2019 이후,0.3962477193,-0.6420983149,0.4689129125,0.952047789,1.396952648,0.3406914208,1.163069262,0.6171137818,0.5800804691,0.4199195309,65,3.075878873,0.02273750297,11.79210137,4,0.06153846154,1056,56.97222222,36,522,1056,execution_delay,1,2015-08-03
371,weekly,사후적 holdout 2019 이후,0.3836885221,-0.618907494,0.4739866759,0.9274486373,1.367114224,0.3514836134,1.091625633,0.6199448638,0.5745596022,0.4254403978,60,3.217908,0.02378741026,11.03019524,6,0.1,1308,60.5,34,522,1308,execution_delay,1,2015-08-03
372,hybrid_score,사후적 holdout 2019 이후,0.4018040981,-0.6186969819,0.4593886997,0.9705012636,1.433044186,0.3124967898,1.285786322,0.649436008,0.5707134912,0.4292865088,174,5.906111883,0.04365914328,12.14343701,85,0.4885057471,1051,59.53846154,39,283,1051,execution_delay,1,2015-08-03
373,hybrid_score_conservative,사후적 holdout 2019 이후,0.397082136,-0.6161156607,0.4562891397,0.9665779329,1.428097113,0.3066049568,1.295093661,0.6444928465,0.5454936443,0.4545063557,118,5.330144388,0.03940147802,11.84429468,55,0.4661016949,1050,58.82051282,39,283,1050,execution_delay,1,2015-08-03
374,buy_hold,사후적 holdout 2019 이후,0.5074678109,-0.7666881596,0.6179079862,0.9772167533,1.44721993,0.3680078588,1.378959168,0.6618959802,1,0,0,0,0,20.77995982,0,0,847,45.22641509,53,229,847,execution_delay,1,2015-08-03
375,weekly_price,사후적 holdout 2019 이후,0.4595201532,-0.5225042168,0.4603454204,1.050098779,1.630651334,0.2644806681,1.737443256,0.8794573104,0.5903703704,0.4096296296,33,4.461869242,0.03298301698,16.36339449,10,0.303030303,1051,48.61702128,47,283,1051,execution_delay,1,2015-08-03
376,monthly_10m,사후적 holdout 2019 이후,0.5429609401,-0.530832087,0.5006933059,1.115175679,1.728205024,0.2490032427,2.180537628,1.022848757,0.6988888889,0.3011111111,8,1.081681652,0.007996003996,24.68066104,0,0,715,41.34545455,55,229,715,execution_delay,1,2015-08-03
377,weekly_price_vol,사후적 holdout 2019 이후,0.3318246076,-0.3769433603,0.3257438779,1.041281109,1.638497571,0.1855529999,1.788300959,0.8803036281,0.4460960074,0.5539039926,216,4.759624028,0.03518407906,8.316431484,78,0.3611111111,1037,40.625,56,283,1037,execution_delay,1,2015-08-03
378,original,전체기간,0.5184281227,-0.8090207176,0.5702985153,1.020859507,1.501835299,0.4154243578,1.247948304,0.640809452,0.7001354672,0.2998645328,69,3.527549458,0.03811974732,91.24309907,14,0.2058823529,1318,64.05357143,56,283,1318,execution_delay,2,2015-08-03
379,improved,전체기간,0.6342926218,-0.6408449585,0.5330877202,1.190889529,1.784865747,0.3617333538,1.753481163,0.9897754729,0.6037294899,0.3962705101,98,3.531168894,0.03815886003,201.9786228,15,0.1546391753,1307,57.62903226,62,283,1307,execution_delay,2,2015-08-03
380,confirm2,전체기간,0.6360058229,-0.6449703157,0.534941629,1.190675264,1.781250418,0.3641235934,1.746675674,0.986100922,0.6036213883,0.3963786117,96,3.447542906,0.03725517276,204.2784446,15,0.1578947368,1063,55.796875,64,283,1063,execution_delay,2,2015-08-03
381,buffer1,전체기간,0.6529340907,-0.6420983149,0.5312280279,1.214639658,1.822351769,0.3506386763,1.862127982,1.016875571,0.6108194015,0.3891805985,94,3.109268223,0.03359967605,228.3148527,9,0.09677419355,1056,52.03125,64,522,1056,execution_delay,2,2015-08-03
382,confirm2_buffer1,전체기간,0.6146018512,-0.6495902025,0.5330799881,1.168402167,1.742549853,0.3702219796,1.660090122,0.9461378093,0.6085250098,0.3914749902,90,3.034048531,0.03278682971,177.1809466,7,0.07865168539,1308,57.66129032,62,283,1308,execution_delay,2,2015-08-03
383,weekly,전체기간,0.623684956,-0.6512544122,0.5396149681,1.171190771,1.748180928,0.3589619469,1.737468167,0.9576671487,0.6080949516,0.3919050484,85,3.361541263,0.03632581345,188.2541779,10,0.119047619,1056,54.98461538,65,283,1056,execution_delay,2,2015-08-03
384,hybrid_score,전체기간,0.6432747798,-0.630396962,0.5267422079,1.209191559,1.817612,0.3383153676,1.901405734,1.020428109,0.5987784549,0.4012215451,256,6.073426673,0.06563125278,214.3030691,130,0.5098039216,1051,52.51470588,68,283,1051,execution_delay,2,2015-08-03
385,hybrid_score_conservative,전체기간,0.6297901756,-0.6347439786,0.5238115491,1.197261607,1.800098803,0.3369651839,1.869006668,0.9921955889,0.5721257033,0.4278742967,162,5.157963825,0.0557384893,196.0460594,75,0.4658385093,1050,52.52941176,68,283,1050,execution_delay,2,2015-08-03
386,buy_hold,전체기간,0.6793730282,-0.8378314303,0.6680866985,1.112675366,1.649305642,0.4254808313,1.596718297,0.8108707833,1,0,1,0.09244619075,0.000999000999,271.0236827,0,0,1080,46.20512821,78,229,1080,execution_delay,2,2015-08-03
387,weekly_price,전체기간,0.6324062475,-0.7359283293,0.532493405,1.185512863,1.815572,0.3398020529,1.861101904,0.8593312994,0.6151507474,0.3848492526,51,4.717066883,0.05097402597,199.4735296,18,0.36,1067,51.02857143,70,283,1067,execution_delay,2,2015-08-03
388,monthly_10m,전체기간,0.7153986842,-0.7238961249,0.568743311,1.232227892,1.88653633,0.353873594,2.021622117,0.9882615193,0.7172536103,0.2827463897,14,1.294893794,0.01399300699,340.8934012,0,0,1099,40.90909091,88,229,1099,execution_delay,2,2015-08-03
389,weekly_price_vol,전체기간,0.4443792978,-0.4050366514,0.3474251998,1.231596737,1.897659072,0.1919608157,2.314947955,1.097133546,0.4409007079,0.5590992921,324,4.811170265,0.05199093507,53.15731994,133,0.4117647059,826,40.7816092,87,283,826,execution_delay,2,2015-08-03
390,original,초기 관측 2015–2016,0.7716209117,-0.3133080623,0.5076616643,1.383556292,1.999898001,0.1585683081,4.866173582,2.462818563,0.7517559997,0.2482440003,15,5.927364782,0.008390000252,2.246783001,2,0.1428571429,189,41.83333333,12,3,189,execution_delay,2,2015-08-03
391,improved,초기 관측 2015–2016,0.7374454921,-0.3133080623,0.507776373,1.34494673,1.941415746,0.1615558999,4.564645999,2.353739278,0.7214430371,0.2785569629,20,6.245011575,0.008839619396,2.185681196,5,0.2631578947,190,41.91666667,12,3,190,execution_delay,2,2015-08-03
392,confirm2,초기 관측 2015–2016,0.7764761215,-0.3133080623,0.5040141506,1.394932005,2.03267528,0.1594563002,4.869523003,2.478315164,0.7219180435,0.2780819565,19,5.915625626,0.008373383844,2.255503588,5,0.2777777778,189,41.66666667,12,3,189,execution_delay,2,2015-08-03
393,buffer1,초기 관측 2015–2016,0.8507300866,-0.3133080623,0.5063408231,1.47166825,2.157069258,0.1556924444,5.464170661,2.715315018,0.7703551922,0.2296448078,18,5.234914605,0.007409858592,2.390098565,3,0.1764705882,190,41.66666667,12,3,190,execution_delay,2,2015-08-03
394,confirm2_buffer1,초기 관측 2015–2016,0.7945702206,-0.3133080623,0.5032389339,1.416470801,2.064884006,0.1569515793,5.062518161,2.536066946,0.7705028529,0.2294971471,18,5.221378752,0.007390699013,2.288090076,3,0.1764705882,190,41.83333333,12,3,190,execution_delay,2,2015-08-03
395,weekly,초기 관측 2015–2016,0.752296226,-0.3133080623,0.5070115094,1.362691461,1.980357901,0.1573501855,4.781031708,2.40113906,0.7174829783,0.2825170217,17,5.952483025,0.008425554344,2.212171871,2,0.125,190,41.83333333,12,3,190,execution_delay,2,2015-08-03
396,hybrid_score,초기 관측 2015–2016,0.7701360136,-0.3133080623,0.5086152108,1.380292103,1.991496526,0.1596600538,4.82359861,2.458079144,0.7595731637,0.2404268363,37,6.978211058,0.00987744043,2.244117913,15,0.4166666667,190,41.91666667,12,3,190,execution_delay,2,2015-08-03
397,hybrid_score_conservative,초기 관측 2015–2016,0.7180167307,-0.3133080623,0.5082349811,1.32203177,1.907029205,0.1664460881,4.313809587,2.291727591,0.7334734106,0.2665265894,33,8.044632009,0.01138692607,2.151166121,15,0.46875,190,41.91666667,12,3,190,execution_delay,2,2015-08-03
398,buy_hold,초기 관측 2015–2016,1.387536372,-0.3133080623,0.5415825787,1.881436908,2.777470844,0.1351286707,10.26826036,4.428664754,1,0,1,0.7057739166,0.000999000999,3.427491997,0,0,169,27.16666667,18,3,169,execution_delay,2,2015-08-03
399,weekly_price,초기 관측 2015–2016,0.9075953534,-0.3133080623,0.5306799583,1.485256181,2.174271522,0.1625067426,5.584970437,2.89681455,0.8104448743,0.1895551257,9,6.354788345,0.008995004995,2.494707083,4,0.5,190,38.53846154,13,3,190,execution_delay,2,2015-08-03
400,monthly_10m,초기 관측 2015–2016,0.719090968,-0.3197799072,0.5212204029,1.303157685,1.878614068,0.150355601,4.782601799,2.248705912,0.8820116054,0.1179883946,3,2.118027524,0.002998001998,2.153070281,0,0,169,35.57142857,14,3,169,execution_delay,2,2015-08-03
401,weekly_price_vol,초기 관측 2015–2016,0.9202540422,-0.2364603235,0.4228084125,1.756013128,2.652813199,0.1210015292,7.605309192,3.891790506,0.6388163078,0.3611836922,45,6.80799755,0.00963650851,2.518172044,18,0.4090909091,177,35.28571429,14,3,177,execution_delay,2,2015-08-03
402,original,2017–2018 사이클,1.117999798,-0.8090207176,0.7870014616,1.344497711,2.038159366,0.4282205283,2.610803835,1.381917389,0.77418419,0.22581581,8,2.714376823,0.005425037866,4.481316939,4,0.5,55,10.71428571,28,380,380,execution_delay,2,2015-08-03
403,improved,2017–2018 사이클,1.882318835,-0.6098904377,0.7302532978,1.812047949,2.841254992,0.3995273984,4.711363581,3.086322917,0.6309584143,0.3690415857,13,2.540357658,0.005077237755,8.295731492,3,0.2307692308,55,10.71428571,28,380,380,execution_delay,2,2015-08-03
404,confirm2,2017–2018 사이클,1.81853841,-0.6269009016,0.7331265288,1.777393762,2.774228107,0.4120076852,4.413845846,2.900838722,0.6313834883,0.3686165117,12,2.279946967,0.004556772857,7.932897922,3,0.25,55,10.71428571,28,380,380,execution_delay,2,2015-08-03
405,buffer1,2017–2018 사이클,1.87356351,-0.6016988427,0.7289756546,1.809761856,2.837897519,0.3995446912,4.689246413,3.113789453,0.6258063841,0.3741936159,9,1.482886524,0.002963743088,8.245444188,1,0.1111111111,55,10.71428571,28,380,380,execution_delay,2,2015-08-03
406,confirm2_buffer1,2017–2018 사이클,1.862105916,-0.6157810398,0.7298887025,1.803116241,2.817663853,0.4043293566,4.605418543,3.023974101,0.5993436777,0.4006563223,7,1.243931323,0.002486159798,8.179866847,0,0,55,10.71428571,28,380,380,execution_delay,2,2015-08-03
407,weekly,2017–2018 사이클,1.733483964,-0.6512544122,0.7511206859,1.712422217,2.646519634,0.426541728,4.064043093,2.661761565,0.6576553978,0.3423446022,8,2.064100123,0.004125374646,7.461656091,2,0.25,55,10.71428571,28,380,380,execution_delay,2,2015-08-03
408,hybrid_score,2017–2018 사이클,1.765543722,-0.6238125855,0.7264967071,1.760509666,2.764103112,0.4046081756,4.363588845,2.830247037,0.5896832804,0.4103167196,45,5.989533192,0.01197086716,7.637589158,30,0.6666666667,55,10.71428571,28,380,380,execution_delay,2,2015-08-03
409,hybrid_score_conservative,2017–2018 사이클,1.762896415,-0.6276055649,0.7229269485,1.764294685,2.771824381,0.4190314215,4.207074516,2.808924129,0.5578246218,0.4421753782,11,2.487964032,0.004972522227,7.62298404,5,0.4545454545,55,10.71428571,28,380,380,execution_delay,2,2015-08-03
410,buy_hold,2017–2018 사이클,0.9516044828,-0.8378314303,0.8911583473,1.194253179,1.775837935,0.4539301189,2.096367796,1.135794682,1,0,0,0,0,3.805275363,0,0,55,10.71428571,28,380,380,execution_delay,2,2015-08-03
411,weekly_price,2017–2018 사이클,1.2274085,-0.7359283293,0.7435662115,1.446250444,2.217723131,0.4672229911,2.627029328,1.667837005,0.5698630137,0.4301369863,9,4.501082821,0.008996003996,4.955912538,4,0.4444444444,59,10.89285714,28,380,380,execution_delay,2,2015-08-03
412,monthly_10m,2017–2018 사이클,1.452002512,-0.7238961249,0.7920593825,1.526205037,2.337303709,0.4670618111,3.108801613,2.005816114,0.6684931507,0.3315068493,3,1.500527555,0.002999000999,6.00493895,0,0,55,10.71428571,28,380,380,execution_delay,2,2015-08-03
413,weekly_price_vol,2017–2018 사이클,0.5844895466,-0.4050366514,0.3680165909,1.435255342,2.13365518,0.2312196307,2.527854338,1.443053473,0.2809127314,0.7190872686,63,3.472644099,0.006940534407,2.509025776,31,0.4920634921,120,11.88461538,26,380,380,execution_delay,2,2015-08-03
414,original,2019 전환기,1.335119908,-0.3310464588,0.6376006206,1.646292888,2.599916636,0.2019567157,6.610921075,4.033028817,0.7315068493,0.2684931507,1,1.000684932,0.001,2.33376484,0,0,48,10.92857143,14,188,188,execution_delay,2,2015-08-03
415,improved,2019 전환기,1.14677822,-0.3516879336,0.5996586033,1.570405233,2.517208237,0.205290201,5.586132286,3.260783526,0.5338122715,0.4661877285,6,1.980016647,0.001978661399,2.145655947,0,0,19,5.714285714,14,188,188,execution_delay,2,2015-08-03
416,confirm2,2019 전환기,1.118560637,-0.3583534287,0.5998247882,1.548018655,2.479520776,0.2080508169,5.376381856,3.121389521,0.5337733149,0.4662266851,6,1.98172855,0.00198037213,2.117472291,0,0,19,5.642857143,14,188,188,execution_delay,2,2015-08-03
417,buffer1,2019 전환기,1.019163264,-0.3613605439,0.5875865042,1.487675306,2.333650143,0.2074070157,4.913832159,2.820350149,0.5294693591,0.4705306409,6,1.949430641,0.001948096329,2.01819236,0,0,19,5.571428571,14,188,188,execution_delay,2,2015-08-03
418,confirm2_buffer1,2019 전환기,0.9634430469,-0.3738462241,0.5887396504,1.438289534,2.251169395,0.2134421568,4.513836729,2.577110546,0.529654276,0.470345724,6,1.960462031,0.001959120168,1.962536525,0,0,19,5.571428571,14,188,188,execution_delay,2,2015-08-03
419,weekly,2019 전환기,1.045314593,-0.3520469935,0.5874077992,1.509914657,2.369968768,0.2032740234,5.142391416,2.969247323,0.5320382482,0.4679617518,6,1.944224017,0.001942893268,2.044313108,0,0,19,5.714285714,14,188,188,execution_delay,2,2015-08-03
420,hybrid_score,2019 전환기,1.230167344,-0.3334602574,0.5927560479,1.645782192,2.66430926,0.1974727962,6.229553479,3.689097327,0.5298774176,0.4701225824,20,4.969592819,0.004966191318,2.228943337,11,0.55,24,7.066666667,15,188,188,execution_delay,2,2015-08-03
421,hybrid_score_conservative,2019 전환기,1.18475253,-0.3330666861,0.5917726115,1.61267047,2.612706257,0.1981423347,5.979300342,3.557103064,0.5089364487,0.4910635513,12,3.452861477,0.003450498122,2.183584198,6,0.5,19,5.714285714,14,188,188,execution_delay,2,2015-08-03
422,buy_hold,2019 전환기,0.9447436861,-0.4862220874,0.7077326078,1.288593875,2.055828429,0.224985645,4.199128731,1.943029144,1,0,0,0,0,1.94385853,0,0,48,10.92857143,14,188,188,execution_delay,2,2015-08-03
423,weekly_price,2019 전환기,1.228911202,-0.3310464588,0.5998126868,1.632911803,2.620327192,0.1968659024,6.242377108,3.712201625,0.5369863014,0.4630136986,2,2.000370178,0.001999000999,2.227688744,0,0,19,5.714285714,14,188,188,execution_delay,2,2015-08-03
424,monthly_10m,2019 전환기,0.354539675,-0.4602245207,0.6210203688,0.7954698586,1.233665367,0.219225794,1.617235219,0.7703624188,0.5863013699,0.4136986301,2,2.000370178,0.001999000999,1.354258355,0,0,19,5.714285714,7,188,188,execution_delay,2,2015-08-03
425,weekly_price_vol,2019 전환기,0.9452761748,-0.178824674,0.3554819392,2.044127106,3.946627143,0.1017748873,9.287911785,5.286050037,0.3079833981,0.6920166019,29,3.124432605,0.003122294047,1.944390412,13,0.4482758621,18,6.076923077,13,188,188,execution_delay,2,2015-08-03
426,original,2020–2022 사이클,0.06009529324,-0.7331141428,0.6000815998,0.4113162989,0.5594166231,0.3932969412,0.1527987812,0.08197262846,0.7178061792,0.2821938208,16,2.804657261,0.008415891466,1.191384832,1,0.0625,277,21.2,20,627,627,execution_delay,2,2015-08-03
427,improved,2020–2022 사이클,0.2155247545,-0.5917602163,0.5361970552,0.64606077,0.8901126236,0.3918368657,0.5500369501,0.3642096048,0.5397341445,0.4602658555,24,2.952873422,0.008860641396,1.796178283,2,0.08333333333,276,21.15,20,627,627,execution_delay,2,2015-08-03
428,confirm2,2020–2022 사이클,0.230214293,-0.5986445231,0.5422227056,0.6674138146,0.916092819,0.3960183437,0.5813222964,0.3845592569,0.5399057315,0.4600942685,24,2.98518143,0.008957587536,1.862103832,2,0.08333333333,276,21.15,20,627,627,execution_delay,2,2015-08-03
429,buffer1,2020–2022 사이클,0.2680404617,-0.5690008284,0.5348961705,0.7253311716,1.004013954,0.3744994163,0.7157299852,0.4710721818,0.5413742325,0.4586257675,24,2.954761756,0.008866307692,2.039247439,2,0.08333333333,272,20.0952381,21,627,627,execution_delay,2,2015-08-03
430,confirm2_buffer1,2020–2022 사이클,0.2206124059,-0.5994430033,0.5408300535,0.6531902649,0.8965989566,0.4018807169,0.5489499662,0.3680289948,0.5420687662,0.4579312338,24,2.983678573,0.008953077937,1.81883205,2,0.08333333333,276,21.15,20,627,627,execution_delay,2,2015-08-03
431,weekly,2020–2022 사이클,0.2463659724,-0.5677508473,0.540035875,0.6915857723,0.9565203875,0.3740528179,0.6586395305,0.4339332535,0.5391056663,0.4608943337,23,2.959160159,0.00887950591,1.936431848,2,0.08695652174,276,22.05263158,19,627,627,execution_delay,2,2015-08-03
432,hybrid_score,2020–2022 사이클,0.2557198716,-0.5167568261,0.5223177339,0.7112794297,0.9839636233,0.3567955027,0.7167127099,0.4948553336,0.524821834,0.475178166,66,5.530099145,0.01659408258,1.980368407,32,0.4848484848,280,21.35,20,627,627,execution_delay,2,2015-08-03
433,hybrid_score_conservative,2020–2022 사이클,0.2746275495,-0.5216959267,0.5171735638,0.7421185012,1.025910823,0.3616644796,0.7593434383,0.5264130607,0.4926817885,0.5073182115,39,4.39232459,0.01317998015,2.071199983,15,0.3846153846,306,25.17647059,17,627,627,execution_delay,2,2015-08-03
434,buy_hold,2020–2022 사이클,0.3209679295,-0.7666881596,0.7250178445,0.7570220122,1.072377598,0.3887025993,0.8257416596,0.4186420847,1,0,0,0,0,2.305470492,0,0,189,18.05714286,35,418,418,execution_delay,2,2015-08-03
435,weekly_price,2020–2022 사이클,0.5338678366,-0.4642668821,0.4917247937,1.115196463,1.699586557,0.2573067222,2.074830506,1.149915829,0.5237226277,0.4762773723,10,3.330908371,0.009995004995,3.609865224,2,0.2,169,14.44827586,29,627,627,execution_delay,2,2015-08-03
436,monthly_10m,2020–2022 사이클,0.7109035268,-0.530832087,0.5330120607,1.273299105,1.949067262,0.2353129078,3.02109873,1.339224859,0.5830291971,0.4169708029,4,1.332363348,0.003998001998,5.009982384,0,0,189,20.26666667,30,418,418,execution_delay,2,2015-08-03
437,weekly_price_vol,2020–2022 사이클,0.3464185438,-0.3234823924,0.3138506666,1.104823522,1.659783534,0.1688254764,2.051932867,1.070903863,0.3420012373,0.6579987627,87,3.088781109,0.009268457482,2.441342278,27,0.3103448276,209,21.65517241,29,418,418,execution_delay,2,2015-08-03
438,original,2023 이후,0.4166611908,-0.2646482713,0.3543845756,1.158582324,1.869442317,0.14357869,2.901970974,1.574396042,0.6100942746,0.3899057254,29,4.389136948,0.01488881774,3.259298066,7,0.2413793103,243,24.31578947,38,283,283,execution_delay,2,2015-08-03
439,improved,2023 이후,0.3673719669,-0.2348813361,0.3508012639,1.065935487,1.700099793,0.1224287967,3.000698992,1.56407475,0.6157744169,0.3842255831,35,3.9510381,0.01340270008,2.890376238,5,0.1428571429,242,26.17142857,35,283,283,execution_delay,2,2015-08-03
440,confirm2,2023 이후,0.3680878987,-0.2342267345,0.3503522641,1.06833406,1.707148405,0.1186977781,3.101051297,1.5715025,0.6148410838,0.3851589162,35,3.94642643,0.01338705639,2.895513034,5,0.1428571429,242,26.91176471,34,283,283,execution_delay,2,2015-08-03
441,buffer1,2023 이후,0.3567557751,-0.2527740608,0.3521014224,1.041141448,1.65892059,0.124841574,2.857668032,1.411362281,0.6208146959,0.3791853041,37,3.658888293,0.01241167035,2.814957317,3,0.08108108108,242,20.48484848,33,522,522,execution_delay,2,2015-08-03
442,confirm2_buffer1,2023 이후,0.3331256368,-0.2571266348,0.3531116275,0.9894279544,1.566703842,0.1247230826,2.670922092,1.295570321,0.6283665661,0.3716334339,35,3.536873698,0.01199777279,2.652084268,2,0.05714285714,243,26.94117647,34,283,283,execution_delay,2,2015-08-03
443,weekly,2023 이후,0.3660606661,-0.2305107356,0.3581389429,1.048506964,1.674981207,0.1164003796,3.144840828,1.588041725,0.6166826983,0.3833173017,31,3.818317393,0.01295248528,2.880984349,4,0.1290322581,242,26.88235294,34,283,283,execution_delay,2,2015-08-03
444,hybrid_score,2023 이후,0.3592534729,-0.2389482666,0.3464175657,1.057965608,1.680213976,0.1269963018,2.828849878,1.503478046,0.6227606566,0.3772393434,88,6.551114357,0.02222267129,2.832574934,42,0.4772727273,242,24.75675676,37,283,283,execution_delay,2,2015-08-03
445,hybrid_score_conservative,2023 이후,0.3318411574,-0.2595120337,0.3442056667,1.003307653,1.592943574,0.1347691793,2.462292634,1.278712022,0.6021157223,0.3978842777,67,6.706144096,0.02274856272,2.643426143,34,0.5074626866,243,24.75675676,37,283,283,execution_delay,2,2015-08-03
446,buy_hold,2023 이후,0.5718023229,-0.4913281286,0.4691500133,1.197233154,1.875694755,0.1744484685,3.2777721,1.163789105,1,0,0,0,0,4.636822603,0,0,238,18.0754717,53,229,238,execution_delay,2,2015-08-03
447,weekly_price,2023 이후,0.2278484174,-0.3531523667,0.3746705011,0.7337464167,1.136487024,0.1792672941,1.270998252,0.6451844556,0.6642453592,0.3357546408,21,6.18743847,0.02098901099,2.00630327,8,0.380952381,302,30.5,30,283,302,execution_delay,2,2015-08-03
448,monthly_10m,2023 이후,0.4920566816,-0.320846204,0.4279212059,1.147453593,1.817606161,0.1429639455,3.441823599,1.53362164,0.8345439871,0.1654560129,2,0.589293878,0.001999000999,3.886100869,0,0,238,20.77777778,45,229,238,execution_delay,2,2015-08-03
449,weekly_price_vol,2023 이후,0.1837886323,-0.3023032894,0.3253563819,0.6801340614,1.048078292,0.1657907766,1.108557641,0.6079610733,0.5792199134,0.4207800866,100,6.787088065,0.02302314062,1.772394577,44,0.44,269,26.94117647,34,283,283,execution_delay,2,2015-08-03
450,original,사후적 holdout 2019 이후,0.3473871006,-0.7331141428,0.5086324018,0.8463973626,1.226550584,0.3786564878,0.9174201731,0.4738513149,0.6702305106,0.3297694894,46,3.287887051,0.0243047092,9.062191554,8,0.1739130435,1318,76.48387097,31,283,1318,execution_delay,2,2015-08-03
451,improved,사후적 holdout 2019 이후,0.3855347498,-0.6408449585,0.470844742,0.9334649045,1.372136895,0.3582982146,1.076016385,0.6016037806,0.5738276311,0.4261723689,65,3.279404279,0.02424200288,11.13945398,7,0.1076923077,1307,67.5,34,283,1307,execution_delay,2,2015-08-03
452,confirm2,사후적 holdout 2019 이후,0.3901530885,-0.6449703157,0.4735036566,0.938077546,1.374959646,0.3564290267,1.094616485,0.6049163489,0.5734637202,0.4265362798,65,3.290634117,0.02432501606,11.41687258,7,0.1076923077,1063,63.72222222,36,283,1063,execution_delay,2,2015-08-03
453,buffer1,사후적 holdout 2019 이후,0.3929085658,-0.6420983149,0.4686009102,0.947252203,1.38991305,0.3411335101,1.151773585,0.6119134043,0.576219216,0.423780784,67,3.141971727,0.02322607437,11.58522032,5,0.07462686567,1056,56.97222222,36,522,1056,execution_delay,2,2015-08-03
454,confirm2_buffer1,사후적 holdout 2019 이후,0.3553699446,-0.6495902025,0.4718955039,0.886207134,1.290806662,0.3681971523,0.9651621215,0.5470678949,0.5799916126,0.4200083874,65,3.099209952,0.0229099709,9.466679323,4,0.06153846154,1308,67.47058824,34,283,1308,execution_delay,2,2015-08-03
455,weekly,사후적 holdout 2019 이후,0.3899553762,-0.6476258699,0.4730448064,0.9382285405,1.377009898,0.3406093953,1.144875572,0.6021306348,0.5737494941,0.4262505059,60,3.216213537,0.02377488446,11.40487498,6,0.1,1056,61.94594595,37,283,1056,execution_delay,2,2015-08-03
456,hybrid_score,사후적 holdout 2019 이후,0.4073538223,-0.630396962,0.4617703393,0.9763911161,1.441530175,0.3185037863,1.27896069,0.6461862079,0.5704483115,0.4295516885,174,5.92285953,0.04378294519,12.50335106,85,0.4885057471,1051,56.51219512,41,283,1051,execution_delay,2,2015-08-03
457,hybrid_score_conservative,사후적 holdout 2019 이후,0.3988456873,-0.6347439786,0.458475114,0.9668626792,1.427588725,0.3099492389,1.2868097,0.6283567875,0.545097194,0.454902806,118,5.327109158,0.039379041,11.95526363,55,0.4661016949,1050,57.3,40,283,1050,execution_delay,2,2015-08-03
458,buy_hold,사후적 holdout 2019 이후,0.5074678109,-0.7666881596,0.6179079862,0.9772167533,1.44721993,0.3680078588,1.378959168,0.6618959802,1,0,0,0,0,20.77995982,0,0,847,45.22641509,53,229,847,execution_delay,2,2015-08-03
459,weekly_price,사후적 holdout 2019 이후,0.456735368,-0.4642668821,0.4595194334,1.047089612,1.622011873,0.2625780705,1.739426934,0.9837776194,0.59,0.41,33,4.461869242,0.03298301698,16.13400098,10,0.303030303,1051,51.84090909,44,283,1051,execution_delay,2,2015-08-03
460,monthly_10m,사후적 holdout 2019 이후,0.5568140002,-0.530832087,0.5012894448,1.132281417,1.756810844,0.2446535248,2.275928788,1.048945634,0.6988888889,0.3011111111,8,1.081681652,0.007996003996,26.36645799,0,0,715,41.32727273,55,229,715,execution_delay,2,2015-08-03
461,weekly_price_vol,사후적 holdout 2019 이후,0.3339152321,-0.3234823924,0.3250135891,1.047749022,1.646882875,0.1755246081,1.902384148,1.032251646,0.4462595441,0.5537404559,216,4.790712633,0.03541389215,8.413419728,84,0.3888888889,826,42.9245283,53,283,826,execution_delay,2,2015-08-03
